target,position,layer,r2,r2_shuffled,r2_random
answer,q_last,0,-0.0048675607623573924,-0.002855730932946887,-0.004867560511782276
s1,q_last,0,-0.00293969799723226,-0.0026852651338342692,-0.002939692562290208
s2,q_last,0,-0.005703882928610682,-0.002405033821267777,-0.00570387390184357
answer~nonlin,q_last,0,-0.0031168368295817483,-0.0034567765999091726,-0.003116836814188728
s1~nonlin,q_last,0,-0.00044893543823532056,-0.001255450368863098,-0.0004489350842189488
s2~nonlin,q_last,0,-0.0031168368295815263,-0.0006806065207818346,-0.003116836814188728
answer,q_last,2,0.9594601115409379,0.00343586777760585,0.8186985106108782
s1,q_last,2,0.9861593865065046,-0.0010579097853637975,0.8349998974367501
s2,q_last,2,0.9599749061671682,-0.00913065316891637,0.8391624365833859
answer~nonlin,q_last,2,-0.01846923627770547,-0.0030431927273819603,-0.004689997032217397
s1~nonlin,q_last,2,0.7007285783932531,-0.007455845569066311,0.5806184487408659
s2~nonlin,q_last,2,-0.01846923627770547,-0.009383839353312107,-0.004689997032217397
answer,q_last,4,0.9435377400960372,0.0013166311296568534,0.7691232511030834
s1,q_last,4,0.9824600172395264,-0.0029852751479564343,0.8599835124120794
s2,q_last,4,0.943402228611495,-0.013446369172155803,0.7812014248514374
answer~nonlin,q_last,4,-0.01737620136595308,-0.005260177567059099,-0.0083797581752596
s1~nonlin,q_last,4,0.7137180967896306,-0.005593748385071429,0.6700049956212573
s2~nonlin,q_last,4,-0.01737620136595308,-0.008480166923976906,-0.0083797581752596
answer,q_last,6,0.9519169447376671,-0.006348960056815178,0.8250913515542219
s1,q_last,6,0.9831126452138407,-0.005015653070333803,0.9142349746455634
s2,q_last,6,0.951007307199633,-0.013368808445364033,0.8183421495977311
answer~nonlin,q_last,6,-0.009623858327447277,-0.006479663347963571,-0.011972496912796782
s1~nonlin,q_last,6,0.7114097466494407,-0.005966877920014824,0.680612018832916
s2~nonlin,q_last,6,-0.009623858327447055,-0.006735036153351359,-0.01197249691279656
answer,q_last,8,0.930742223312468,-0.014157400179894308,0.7951898592233468
s1,q_last,8,0.9771063372133977,-0.012770348219586225,0.8613700598101456
s2,q_last,8,0.9325289050285887,-0.018906667204892758,0.8034894484782168
answer~nonlin,q_last,8,0.00580876949042719,-0.00557489377951681,-0.001998244884841016
s1~nonlin,q_last,8,0.7211389019302152,-0.004843936418920558,0.653941963327296
s2~nonlin,q_last,8,0.005808769490427412,-0.010382317519460837,-0.001998244884840794
answer,q_last,10,0.9293996930144685,-0.012096896485585429,0.7297391873104165
s1,q_last,10,0.976389869559701,-0.006729233165382542,0.8745070937581249
s2,q_last,10,0.9341165599786821,-0.021592468848175672,0.7305665153614049
answer~nonlin,q_last,10,-0.006821591680229222,-0.003264026323196667,0.006608200752986959
s1~nonlin,q_last,10,0.7122377687106471,-0.001625374710821026,0.6499854212198419
s2~nonlin,q_last,10,-0.006821591680229222,-0.00728264302306858,0.006608200752987181
answer,q_last,12,0.9373497516247148,-0.009883870095853453,0.8036287788484641
s1,q_last,12,0.9738466285257535,-0.006754678250574742,0.8989361914932481
s2,q_last,12,0.9432748246344013,-0.02199607294952166,0.815251603200372
answer~nonlin,q_last,12,-0.0011163855984277493,-0.0031394577967536197,-0.013589314806648822
s1~nonlin,q_last,12,0.7110418995687309,-0.0006122060889883763,0.6423352347134981
s2~nonlin,q_last,12,-0.0011163855984277493,-0.007819016744595064,-0.013589314806649044
answer,q_last,14,0.9380550837704046,-0.0071610623561564335,0.8580399854692964
s1,q_last,14,0.9790168215195992,-0.008760352698357066,0.9143890013735706
s2,q_last,14,0.9428925178376203,-0.02000154932775211,0.8623111068886968
answer~nonlin,q_last,14,0.01133137817895391,-0.005584441616064639,0.001971639988340601
s1~nonlin,q_last,14,0.7156681062250945,-0.002184110941686468,0.641933705974471
s2~nonlin,q_last,14,0.011331378178954132,-0.010230084747165469,0.001971639988340823
answer,q_last,16,0.9431419362519325,-0.006923198610649717,0.8664292041135839
s1,q_last,16,0.9780301144969328,-0.013890445170042343,0.9214192681087877
s2,q_last,16,0.9472668628818948,-0.019965071749278307,0.8691734770495976
answer~nonlin,q_last,16,0.012442128588093682,-0.007618902967868824,0.013973159063132234
s1~nonlin,q_last,16,0.7134016763339703,-0.0013766345015220338,0.6678789771557241
s2~nonlin,q_last,16,0.012442128588093682,-0.008003290694548193,0.013973159063132234
answer,q_last,18,0.9443184832615913,-0.0072801301766911575,0.866998583471719
s1,q_last,18,0.9776607929998877,-0.009954841911748558,0.9184317275041243
s2,q_last,18,0.9484778805114737,-0.02187683586286604,0.8645680994557943
answer~nonlin,q_last,18,0.013699759865751227,-0.007640527641221251,0.02295036693994823
s1~nonlin,q_last,18,0.7090091543341139,0.00037521185431055315,0.6571605752448734
s2~nonlin,q_last,18,0.013699759865751227,-0.006564977366952052,0.02295036693994823
answer,q_last,20,0.9411563870464338,-0.009951759141146876,0.853768883755804
s1,q_last,20,0.9724720383740925,-0.00968155764788503,0.873322428708723
s2,q_last,20,0.9430817571724882,-0.01764815062470304,0.8455290386146892
answer~nonlin,q_last,20,0.039448455420411976,-0.011039743196999297,0.04979137300423353
s1~nonlin,q_last,20,0.7075665463594218,-0.0012258683668437964,0.6049765111999904
s2~nonlin,q_last,20,0.03944845542041209,-0.005148613248357137,0.049791373004233974
answer,q_last,22,0.944731616598499,-0.010425022304339615,0.8284062244903966
s1,q_last,22,0.9726294097808296,-0.013678554527200681,0.8484283598137664
s2,q_last,22,0.9477688637597341,-0.016825151659306092,0.8175085367955437
answer~nonlin,q_last,22,0.04929755039761641,-0.013953993746111948,0.03251342837366322
s1~nonlin,q_last,22,0.7068846067374979,-0.0019016336091588482,0.6373278155276187
s2~nonlin,q_last,22,0.04929755039761663,-0.0050355650106272964,0.032513428373663555
answer,q_last,24,0.9475720912948642,-0.0050321869451603884,0.822416800445608
s1,q_last,24,0.9782580444220872,-0.009455066761657749,0.8559384677536997
s2,q_last,24,0.9518496670399411,-0.014212471299177132,0.8354439038030432
answer~nonlin,q_last,24,0.03824667843220331,-0.015173416442523235,0.00244498749255595
s1~nonlin,q_last,24,0.7168348268732816,-0.00399697362781315,0.6461359400520827
s2~nonlin,q_last,24,0.03824667843220331,-0.006417696407547968,0.002444987492556061
answer,q_last,26,0.9445699806426667,-0.00471059147184727,0.862229385826166
s1,q_last,26,0.9770661977095425,-0.01016020974381382,0.8663720138324402
s2,q_last,26,0.9494956852573881,-0.01434946046868002,0.8656683912661922
answer~nonlin,q_last,26,0.024370309009046465,-0.015727105767572525,0.02096267170843924
s1~nonlin,q_last,26,0.707719741143888,-0.003151980913731256,0.6421314967882014
s2~nonlin,q_last,26,0.024370309009046576,-0.00601412793192968,0.020962671708439462
answer,q_last,28,0.942646510310794,-0.005106591720614784,0.8566586880935175
s1,q_last,28,0.9698179117674286,-0.009978611117861025,0.8473967422606291
s2,q_last,28,0.946445164958738,-0.016249608670780846,0.85783812632729
answer~nonlin,q_last,28,0.027031776573315347,-0.014111351686268536,0.04383748244364416
s1~nonlin,q_last,28,0.708664114840161,-0.0018475624966562965,0.6356972350488226
s2~nonlin,q_last,28,0.027031776573315347,-0.005926882685629131,0.04383748244364405
answer,dot_0,0,-0.0048675607623573924,-0.002855730932946887,-0.004867560511782276
s1,dot_0,0,-0.00293969799723226,-0.0026852651338342692,-0.002939692562290208
s2,dot_0,0,-0.005703882928610682,-0.002405033821267777,-0.00570387390184357
answer~nonlin,dot_0,0,-0.0031168368295817483,-0.0034567765999091726,-0.003116836814188728
s1~nonlin,dot_0,0,-0.00044893543823532056,-0.001255450368863098,-0.0004489350842189488
s2~nonlin,dot_0,0,-0.0031168368295815263,-0.0006806065207818346,-0.003116836814188728
answer,dot_0,2,0.9268719942562803,0.0025138670453476175,0.6891054713262508
s1,dot_0,2,0.9563605301407762,-0.002973272011160377,0.7269590898652003
s2,dot_0,2,0.9347530616073224,-0.009467141886891683,0.7332723486185392
answer~nonlin,dot_0,2,-0.011814478821573937,-0.0026099074391550126,-0.008431545465977575
s1~nonlin,dot_0,2,0.6731401154573826,-0.007456849517971431,0.4914605397045265
s2~nonlin,dot_0,2,-0.011814478821573937,-0.009444611829326766,-0.008431545465977575
answer,dot_0,4,0.9409684596150745,0.0002982991831806947,0.7189476854589143
s1,dot_0,4,0.9841018857500459,-0.004278009955088535,0.8841272207393704
s2,dot_0,4,0.9446141881790548,-0.016105179474361853,0.7821403336109569
answer~nonlin,dot_0,4,0.012613487749888352,-0.007063536453314256,-0.009682350733083878
s1~nonlin,dot_0,4,0.718317333669219,-0.008568594395603313,0.675307709154051
s2~nonlin,dot_0,4,0.012613487749888352,-0.0037259986492448327,-0.009682350733083878
answer,dot_0,6,0.9323573145548691,-0.00738983851980346,0.7506822033153613
s1,dot_0,6,0.9848188417662282,-0.0049263683140248204,0.8994416292874583
s2,dot_0,6,0.9364103932973118,-0.02268605926221312,0.7764618693913581
answer~nonlin,dot_0,6,-0.011300194920959017,-0.009672632757133703,0.0011577636974691163
s1~nonlin,dot_0,6,0.7156100752420862,-0.00662082318180901,0.6728460723173687
s2~nonlin,dot_0,6,-0.011300194920959017,-0.005906533816090409,0.0011577636974691163
answer,dot_0,8,0.922687873021145,-0.008449570962091757,0.8274380436281173
s1,dot_0,8,0.9835227876842585,-0.006484643921968347,0.9206308099488543
s2,dot_0,8,0.9313176906840226,-0.021879966802344386,0.8400605709504915
answer~nonlin,dot_0,8,-0.00026311358312502975,-0.008555648870961274,-0.010131723268450799
s1~nonlin,dot_0,8,0.7179853282016899,-0.0036288273324833753,0.6527249490335753
s2~nonlin,dot_0,8,-0.00026311358312502975,-0.010736977321459618,-0.010131723268450799
answer,dot_0,10,0.9212615777211182,-0.006087855938302633,0.8211074761207219
s1,dot_0,10,0.9773166008859779,-0.005530356576495921,0.9122965707964846
s2,dot_0,10,0.9297913844561303,-0.01945002115766603,0.8329536931650632
answer~nonlin,dot_0,10,0.029875057826285634,-0.005436801119528045,-0.002700009054836139
s1~nonlin,dot_0,10,0.71919933527037,-0.0011058914524626484,0.6747779962668189
s2~nonlin,dot_0,10,0.029875057826285856,-0.010160855632010968,-0.002700009054835917
answer,dot_0,12,0.9262428118805652,-0.004238608113687814,0.8036948135256373
s1,dot_0,12,0.975764948723137,-0.008689552929704636,0.9216202132446731
s2,dot_0,12,0.934516550779053,-0.021001940351219606,0.8201896154352432
answer~nonlin,dot_0,12,0.02034467056581024,-0.0067493576743742345,-0.01006037702769036
s1~nonlin,dot_0,12,0.7107225164269901,-0.0030854286347998805,0.669449816633541
s2~nonlin,dot_0,12,0.02034467056581024,-0.00922484060538542,-0.010060377027690137
answer,dot_0,14,0.9264942113025341,-0.0008927660217565858,0.799617910866533
s1,dot_0,14,0.9698665684668966,-0.007678799439217343,0.9001816520220762
s2,dot_0,14,0.9322011563648701,-0.020459886744704114,0.816426051584269
answer~nonlin,dot_0,14,0.021068293432375818,-0.007829986373030007,0.007460626289755412
s1~nonlin,dot_0,14,0.6989167562479698,-0.005508672832851058,0.648694484945777
s2~nonlin,dot_0,14,0.02106829343237604,-0.006447113428493134,0.007460626289755412
answer,dot_0,16,0.921772421324565,-0.0016979454546919293,0.7460400901674589
s1,dot_0,16,0.9683949155670168,-0.008257703723888898,0.8938535772277983
s2,dot_0,16,0.9279103507283637,-0.020292609970567144,0.7436647089993407
answer~nonlin,dot_0,16,0.01786582689441696,-0.007773985396877459,0.016498896322990064
s1~nonlin,dot_0,16,0.6939841640351039,-0.0070383356383345586,0.6412598466331496
s2~nonlin,dot_0,16,0.01786582689441696,-0.0038088585429723043,0.016498896322990286
answer,dot_0,18,0.9141005886399782,-0.0002538596456695963,0.7174826170701101
s1,dot_0,18,0.9689813770708419,-0.007452350250062523,0.8779330747860994
s2,dot_0,18,0.9172590426475244,-0.020110859900470013,0.7397637594653907
answer~nonlin,dot_0,18,0.02797154576467531,-0.009204945556028798,0.012348842858139197
s1~nonlin,dot_0,18,0.6954847252584047,-0.006887660163442222,0.612273610374809
s2~nonlin,dot_0,18,0.027971545764675643,-0.00428972825574947,0.01234884285813942
answer,dot_0,20,0.9025092929701978,-0.001244848068500115,0.6952624548191979
s1,dot_0,20,0.9602331538815924,-0.007616968131932911,0.8424383656643464
s2,dot_0,20,0.9054813858975909,-0.02192480458424262,0.7053299930443087
answer~nonlin,dot_0,20,-0.0005838828000048757,-0.011280458062331356,-0.0027677483906263234
s1~nonlin,dot_0,20,0.6825744734220109,-0.005101596476398074,0.5874241961884172
s2~nonlin,dot_0,20,-0.0005838828000044316,-0.00219851697452067,-0.0027677483906261013
answer,dot_0,22,0.9044381457645354,-0.000932659486777565,0.6867667279683098
s1,dot_0,22,0.9577048255121875,-0.0080248800223357,0.8249398436043096
s2,dot_0,22,0.9111608537356211,-0.02075568921509774,0.6969339519357145
answer~nonlin,dot_0,22,-0.005907925688884097,-0.011260715485952533,-0.004868221375130322
s1~nonlin,dot_0,22,0.6736218975775808,-0.005979792979750709,0.5722513915957468
s2~nonlin,dot_0,22,-0.005907925688884097,-0.003950221657850639,-0.004868221375130322
answer,dot_0,24,0.9214497500957243,-0.001012977903143586,0.7082148525710765
s1,dot_0,24,0.9625778086807414,-0.004800142077960645,0.8814458745557517
s2,dot_0,24,0.9279433604062252,-0.01831223286180661,0.7420769772692482
answer~nonlin,dot_0,24,-0.0007837941328727727,-0.013559658304863165,-0.007027952468720011
s1~nonlin,dot_0,24,0.6913716222319242,-0.005802641398118036,0.6314633987084018
s2~nonlin,dot_0,24,-0.0007837941328727727,-0.006304387345812179,-0.007027952468720011
answer,dot_0,26,0.90966685666831,0.00022753607311976065,0.7348210711938893
s1,dot_0,26,0.9572053618649367,-0.005339516719229831,0.8551606049533363
s2,dot_0,26,0.9213047297051817,-0.017425056100603298,0.779057918905595
answer~nonlin,dot_0,26,0.0023926427417007012,-0.013095723401740145,0.01872137785239769
s1~nonlin,dot_0,26,0.6861853271546678,-0.0057566642676265545,0.5809803951104009
s2~nonlin,dot_0,26,0.0023926427417009233,-0.0061207090013541965,0.01872137785239769
answer,dot_0,28,0.8890843269769316,-0.0010330350240932429,0.7392615020118548
s1,dot_0,28,0.9473486668405523,-0.006906876679638296,0.8312183033153634
s2,dot_0,28,0.9054070994710997,-0.01683765942677562,0.7719792408945316
answer~nonlin,dot_0,28,0.006961747405477392,-0.014044157367310017,0.003701720419296173
s1~nonlin,dot_0,28,0.6765335957596681,-0.005487258559881969,0.6045230199713731
s2~nonlin,dot_0,28,0.006961747405477392,-0.005939768877398777,0.003701720419296173
answer,dot_6,0,-0.0048675607623573924,-0.002855730932946887,-0.004867560511782276
s1,dot_6,0,-0.00293969799723226,-0.0026852651338342692,-0.002939692562290208
s2,dot_6,0,-0.005703882928610682,-0.002405033821267777,-0.00570387390184357
answer~nonlin,dot_6,0,-0.0031168368295817483,-0.0034567765999091726,-0.003116836814188728
s1~nonlin,dot_6,0,-0.00044893543823532056,-0.001255450368863098,-0.0004489350842189488
s2~nonlin,dot_6,0,-0.0031168368295815263,-0.0006806065207818346,-0.003116836814188728
answer,dot_6,2,0.9192207286230092,0.0010917059184969435,0.6566481010594327
s1,dot_6,2,0.9535131779799073,-0.001777798604202907,0.6761564222159464
s2,dot_6,2,0.9257267567714696,-0.009683918624972199,0.6975164002394414
answer~nonlin,dot_6,2,-0.008437814308043468,-0.0034844788391903414,-0.009930253545352485
s1~nonlin,dot_6,2,0.6780569456055505,-0.007425006894457242,0.49131779474073356
s2~nonlin,dot_6,2,-0.008437814308043468,-0.008527430958216842,-0.009930253545352263
answer,dot_6,4,0.9321386754443518,-0.002503408280371211,0.6214335002932494
s1,dot_6,4,0.9715491145991627,-0.00254353578123534,0.7560151580503119
s2,dot_6,4,0.9416076122176201,-0.00803795344073377,0.683126985712034
answer~nonlin,dot_6,4,-0.015905742370921017,-0.007221578496303227,-0.008204621727622818
s1~nonlin,dot_6,4,0.7180955450423046,-0.008388518928191147,0.6246354794414055
s2~nonlin,dot_6,4,-0.015905742370921017,-0.007079752156285535,-0.008204621727622818
answer,dot_6,6,0.916536145858842,-0.0075874587626374446,0.703012389099021
s1,dot_6,6,0.9733496872573557,-0.008097678003928799,0.8389113371613154
s2,dot_6,6,0.9262801107859315,-0.012968821455944912,0.7362402105978008
answer~nonlin,dot_6,6,-0.011559524712533076,-0.0107064044231302,-0.004438899141632868
s1~nonlin,dot_6,6,0.705696878720494,-0.00902329300286464,0.6054998546036339
s2~nonlin,dot_6,6,-0.011559524712533298,-0.007213996991158211,-0.004438899141632868
answer,dot_6,8,0.8969773537842689,-0.008339319857031624,0.6912480575032223
s1,dot_6,8,0.9600879334014368,-0.007928636576501225,0.8254638534215624
s2,dot_6,8,0.9085472797577686,-0.01385752186727296,0.7195526284959695
answer~nonlin,dot_6,8,0.008390974608512125,-0.008894437522429799,-0.003064770200634559
s1~nonlin,dot_6,8,0.6907838614568813,-0.008310506931057393,0.5837997349823225
s2~nonlin,dot_6,8,0.008390974608512125,-0.006490460038439005,-0.003064770200634559
answer,dot_6,10,0.9262018527351298,-0.008153582147791605,0.8043255900113557
s1,dot_6,10,0.9678284200069588,-0.010654680493895174,0.8737121525805344
s2,dot_6,10,0.9325124372889785,-0.014445716107900575,0.8309476595651315
answer~nonlin,dot_6,10,0.015948716611845493,-0.00950484519022221,0.016969690615472932
s1~nonlin,dot_6,10,0.721309452638227,-0.0016951626323102875,0.6473885974830287
s2~nonlin,dot_6,10,0.015948716611845493,-0.006428499244840902,0.016969690615473154
answer,dot_6,12,0.9131939688134733,-0.006217507955764923,0.7161254193382538
s1,dot_6,12,0.9601826417761219,-0.008976660306549533,0.8317689421533635
s2,dot_6,12,0.9235083746969905,-0.011527606648558786,0.7532810627297727
answer~nonlin,dot_6,12,0.02046825929316709,-0.009478016762761055,0.028268205213903386
s1~nonlin,dot_6,12,0.7150506969170437,-0.004966534223978192,0.6230392006999602
s2~nonlin,dot_6,12,0.02046825929316709,-0.007029998508907509,0.028268205213903164
answer,dot_6,14,0.8943554992063202,-0.0085001052369309,0.7267128772007675
s1,dot_6,14,0.9497211767950777,-0.009551823713889629,0.8344487370619923
s2,dot_6,14,0.9085657675578975,-0.014989262455383567,0.75717915359799
answer~nonlin,dot_6,14,0.018669480308636244,-0.00951798983239538,-0.005346969153492864
s1~nonlin,dot_6,14,0.7005257721574267,-0.005075261145113252,0.6382688879895189
s2~nonlin,dot_6,14,0.018669480308636244,-0.00580891116423321,-0.005346969153492864
answer,dot_6,16,0.9212593177531783,-0.006284067477467348,0.6679635369501006
s1,dot_6,16,0.9498025223597406,-0.015819314512506066,0.7666083322486155
s2,dot_6,16,0.9321315906036107,-0.013744899790913534,0.7111068378648746
answer~nonlin,dot_6,16,0.003915936492580485,-0.007026564287372361,0.015175346611805862
s1~nonlin,dot_6,16,0.6979124167501409,-0.00825168370352114,0.6243424810836413
s2~nonlin,dot_6,16,0.003915936492580485,-0.001435841324165743,0.015175346611805751
answer,dot_6,18,0.9225678466443248,-0.0021126310300516593,0.749997396658524
s1,dot_6,18,0.9551710177971026,-0.010074058042017775,0.8275286427095435
s2,dot_6,18,0.928828346275432,-0.017581076386110617,0.7599872234475086
answer~nonlin,dot_6,18,0.009414922895644717,-0.004656319907325512,0.01234328751563396
s1~nonlin,dot_6,18,0.6939759767109482,-0.007355318466280902,0.6137615230876253
s2~nonlin,dot_6,18,0.009414922895644717,-0.002109414592231129,0.012343287515633738
answer,dot_6,20,0.9079754800978342,-0.0019651267887916823,0.7606434282741193
s1,dot_6,20,0.9461544633755108,-0.014497786723494333,0.8102885707597055
s2,dot_6,20,0.9162551971351236,-0.017152626324604014,0.7782762035247317
answer~nonlin,dot_6,20,0.007919829563010183,-0.004406726828252605,0.0002293928134485812
s1~nonlin,dot_6,20,0.6930872976249609,-0.006029263482093761,0.5653021208121571
s2~nonlin,dot_6,20,0.007919829563010183,-0.0009088395215406386,0.0002293928134485812
answer,dot_6,22,0.8994515552899515,-0.0004972836847743078,0.7191070580287511
s1,dot_6,22,0.9390176033116935,-0.01770858942097453,0.798989374595393
s2,dot_6,22,0.9110713550850917,-0.018563304401742364,0.7399871201887633
answer~nonlin,dot_6,22,0.004964471412108651,-0.004438640521922554,-0.00770778247732351
s1~nonlin,dot_6,22,0.6832423762541949,-0.005140424820864631,0.5866951518600376
s2~nonlin,dot_6,22,0.004964471412108651,-0.0034717908553578702,-0.00770778247732351
answer,dot_6,24,0.9077853456154826,0.0007219495432320144,0.7688535429722485
s1,dot_6,24,0.9455478023645177,-0.011005857888159332,0.8346663987860075
s2,dot_6,24,0.919894986058862,-0.016534784849712825,0.7953996074402931
answer~nonlin,dot_6,24,0.005263020800254425,0.0002732574619926931,-0.004982496037122308
s1~nonlin,dot_6,24,0.6928997190332677,-0.005480467504695108,0.6222925698301689
s2~nonlin,dot_6,24,0.005263020800254203,-0.0025958476289962285,-0.004982496037122308
answer,dot_6,26,0.9021860876140584,0.0008943613224073887,0.7666660903405806
s1,dot_6,26,0.9490353790083069,-0.010848873707001161,0.8056590235271683
s2,dot_6,26,0.9160968950290236,-0.012388972173497104,0.7918882863554532
answer~nonlin,dot_6,26,-0.0004526407477205563,-0.0014001884897205663,-0.005146666344027606
s1~nonlin,dot_6,26,0.7048616483001705,-0.006403598417441314,0.6020283232894086
s2~nonlin,dot_6,26,-0.0004526407477205563,-0.002478778353706357,-0.005146666344027384
answer,dot_6,28,0.9005094378968261,0.0021703025158356093,0.7469909015816215
s1,dot_6,28,0.9482703393609339,-0.010000175939088418,0.8195671025314262
s2,dot_6,28,0.9144752007292412,-0.011726417535390388,0.7737177051681317
answer~nonlin,dot_6,28,0.024751326277808072,-0.0012600666097544178,0.013466451993836004
s1~nonlin,dot_6,28,0.7074099134378562,-0.008615724794183155,0.6091098169998662
s2~nonlin,dot_6,28,0.024751326277808072,-0.002262439959510365,0.013466451993836004
answer,dot_12,0,-0.0048675607623573924,-0.002855730932946887,-0.004867560511782276
s1,dot_12,0,-0.00293969799723226,-0.0026852651338342692,-0.002939692562290208
s2,dot_12,0,-0.005703882928610682,-0.002405033821267777,-0.00570387390184357
answer~nonlin,dot_12,0,-0.0031168368295817483,-0.0034567765999091726,-0.003116836814188728
s1~nonlin,dot_12,0,-0.00044893543823532056,-0.001255450368863098,-0.0004489350842189488
s2~nonlin,dot_12,0,-0.0031168368295815263,-0.0006806065207818346,-0.003116836814188728
answer,dot_12,2,0.9217180809494749,-0.00010172455956891646,0.6366218223270659
s1,dot_12,2,0.9468104121394308,-0.0040460521956851014,0.6943644506612898
s2,dot_12,2,0.9300309927591904,-0.010377619321950471,0.6763476922123339
answer~nonlin,dot_12,2,0.0008489431756271149,-0.004142688588031795,-0.008264760336388122
s1~nonlin,dot_12,2,0.6733357786940268,-0.0015809013556313811,0.5035726237238822
s2~nonlin,dot_12,2,0.0008489431756271149,-0.00622433215448015,-0.008264760336388122
answer,dot_12,4,0.9380404764138102,-0.003925127787200333,0.599920361649658
s1,dot_12,4,0.9733606532338175,-0.00377165455305728,0.712979860750601
s2,dot_12,4,0.9431577199695621,-0.011630207583164243,0.6594528992741904
answer~nonlin,dot_12,4,-0.013509708224889838,-0.004245031145897027,-0.015578670563362929
s1~nonlin,dot_12,4,0.7152335441049171,-0.003423638503639914,0.549200229456948
s2~nonlin,dot_12,4,-0.013509708224889838,-0.008643455260382016,-0.015578670563362929
answer,dot_12,6,0.9165942909907342,-0.004216287474068547,0.7238776628883897
s1,dot_12,6,0.9660928367243709,-0.009162020575100849,0.8088111801972107
s2,dot_12,6,0.9253314127713617,-0.01406000634412008,0.7536314691614088
answer~nonlin,dot_12,6,-0.006166020645159476,-0.0059705036085671015,-0.008179400376744583
s1~nonlin,dot_12,6,0.7009974441753759,-0.0059146831802956434,0.5580361872423929
s2~nonlin,dot_12,6,-0.006166020645159476,-0.010206688757013804,-0.008179400376744583
answer,dot_12,8,0.8886034509312188,-0.007028934517439023,0.6097656165034973
s1,dot_12,8,0.9609995340923091,-0.00851956860820624,0.7999265745008592
s2,dot_12,8,0.8944684345839065,-0.014324582250586415,0.6429498314900781
answer~nonlin,dot_12,8,-0.007374820004328653,-0.007718298503328613,-0.00087806052208661
s1~nonlin,dot_12,8,0.7002798795863259,-0.005183800830520946,0.5862393981009595
s2~nonlin,dot_12,8,-0.007374820004328431,-0.00981053318136449,-0.00087806052208661
answer,dot_12,10,0.9364098318050857,-0.010882856916363037,0.7865211448998648
s1,dot_12,10,0.9663018549946023,-0.008199847062821286,0.8565516934946675
s2,dot_12,10,0.9419402920444868,-0.014821753360275025,0.8150478274085877
answer~nonlin,dot_12,10,0.004348891942609012,-0.006029033212842538,0.0015875513107267425
s1~nonlin,dot_12,10,0.7171767111452748,-0.0008227916093845877,0.6283356847898729
s2~nonlin,dot_12,10,0.004348891942609012,-0.003412070831836589,0.0015875513107269645
answer,dot_12,12,0.9162279077178885,-0.00973790769866456,0.7232341030758238
s1,dot_12,12,0.9560826497774051,-0.006954612864233045,0.7881362772486094
s2,dot_12,12,0.9276498269708939,-0.012192059302380764,0.7450854065607835
answer~nonlin,dot_12,12,0.011557622331799577,-0.005079197273454739,0.013986409906593722
s1~nonlin,dot_12,12,0.7136011814499064,-0.005374047089642842,0.5944649725574038
s2~nonlin,dot_12,12,0.011557622331799577,-0.0030501171500112445,0.013986409906593944
answer,dot_12,14,0.8960913520100701,-0.009491389743725431,0.6868621136813934
s1,dot_12,14,0.9368370704728775,-0.007854036630195793,0.8255612731508319
s2,dot_12,14,0.9083454135381716,-0.011303968952271592,0.7319641440452347
answer~nonlin,dot_12,14,0.0148402418334177,-0.00885619260445214,-0.01210354420310189
s1~nonlin,dot_12,14,0.7012178544689748,-0.003587153057522663,0.6486743392269012
s2~nonlin,dot_12,14,0.014840241833417922,-0.0037079593343585238,-0.01210354420310189
answer,dot_12,16,0.9077894446200355,-0.00707506018583004,0.6538619367033363
s1,dot_12,16,0.937743826258923,-0.01332103735042045,0.7858027370733911
s2,dot_12,16,0.9198154845455914,-0.011375828948459787,0.7020357886842244
answer~nonlin,dot_12,16,0.007469358239407309,-0.011836787955099792,0.001910416798588055
s1~nonlin,dot_12,16,0.6898073960434183,-0.002314024856582053,0.6309237870542608
s2~nonlin,dot_12,16,0.007469358239407087,-2.622002800523049e-05,0.001910416798588277
answer,dot_12,18,0.9012102188500184,-0.006422691496998478,0.7241685590016322
s1,dot_12,18,0.9346826688659898,-0.017442869744239475,0.8099602139298999
s2,dot_12,18,0.9154450282756588,-0.011572724442635796,0.7562649410919227
answer~nonlin,dot_12,18,0.008220904883265323,-0.0064889193819102076,0.0003388360227249976
s1~nonlin,dot_12,18,0.6791369413329118,-0.0009058296185922021,0.6179746381458757
s2~nonlin,dot_12,18,0.008220904883265212,-0.0003438481939985749,0.0003388360227249976
answer,dot_12,20,0.8966356863282033,-0.0042833886518771624,0.7219834652472517
s1,dot_12,20,0.9390750222102154,-0.01539887433529774,0.8309806015415344
s2,dot_12,20,0.9059429813281312,-0.012237015366117987,0.7507915269822091
answer~nonlin,dot_12,20,0.004068771254234438,-0.006924952120492156,-0.0005099482796104837
s1~nonlin,dot_12,20,0.6839452135131747,0.001450478323664517,0.6150986316605731
s2~nonlin,dot_12,20,0.004068771254234438,-0.0016213125644999327,-0.0005099482796107058
answer,dot_12,22,0.88468816242337,-0.0029524133423379784,0.6236026998421864
s1,dot_12,22,0.9287291894566305,-0.016187900676791322,0.7589588550832671
s2,dot_12,22,0.8938274572615912,-0.010725841385011092,0.6629564456881322
answer~nonlin,dot_12,22,0.007123089494054713,-0.010066709838763677,-0.002888682562854905
s1~nonlin,dot_12,22,0.6728022717277038,-0.0014030598151368867,0.5676296401550438
s2~nonlin,dot_12,22,0.007123089494054491,-0.00033804059447595236,-0.002888682562855127
answer,dot_12,24,0.9021668199189946,-0.0016257832467061473,0.734022021212815
s1,dot_12,24,0.934977317239907,-0.010299714385726633,0.8230492938947518
s2,dot_12,24,0.9169197351440087,-0.01110433485619522,0.7557220822235919
answer~nonlin,dot_12,24,-0.004606976648083849,-0.008716005842120955,0.020149812751881546
s1~nonlin,dot_12,24,0.6911949119748536,0.001113339272920677,0.6205578530276992
s2~nonlin,dot_12,24,-0.004606976648083849,0.0023723712125641727,0.020149812751881768
answer,dot_12,26,0.9160828194529125,-0.002003363572459893,0.72690336874854
s1,dot_12,26,0.9410497213078957,-0.01044140867290877,0.788333836477136
s2,dot_12,26,0.9265776891502001,-0.008953821293728126,0.743380391228965
answer~nonlin,dot_12,26,0.026624862654614723,-0.00712512447211644,0.0032398978787427923
s1~nonlin,dot_12,26,0.6966609625319301,-0.0016872528287417143,0.5805771718431446
s2~nonlin,dot_12,26,0.026624862654614945,0.003123280985960042,0.0032398978787430144
answer,dot_12,28,0.9181056823442694,-0.0022872642429634382,0.7514529749758024
s1,dot_12,28,0.9387091094419409,-0.010624873545865832,0.774131915551231
s2,dot_12,28,0.923834546889509,-0.008943118556450358,0.7726266918074342
answer~nonlin,dot_12,28,0.030214141398352767,-0.009288832510588207,0.016128686148421445
s1~nonlin,dot_12,28,0.6941923380492123,-0.0030312412564836855,0.5922050270507677
s2~nonlin,dot_12,28,0.03021414139835288,0.00035389837492572074,0.01612868614842189
answer,dot_18,0,-0.0048675607623573924,-0.002855730932946887,-0.004867560511782276
s1,dot_18,0,-0.00293969799723226,-0.0026852651338342692,-0.002939692562290208
s2,dot_18,0,-0.005703882928610682,-0.002405033821267777,-0.00570387390184357
answer~nonlin,dot_18,0,-0.0031168368295817483,-0.0034567765999091726,-0.003116836814188728
s1~nonlin,dot_18,0,-0.00044893543823532056,-0.001255450368863098,-0.0004489350842189488
s2~nonlin,dot_18,0,-0.0031168368295815263,-0.0006806065207818346,-0.003116836814188728
answer,dot_18,2,0.8845867437708009,0.0042248330726943895,0.5143158336746425
s1,dot_18,2,0.9088429178961456,-0.002264974667794073,0.5295977124885374
s2,dot_18,2,0.900389358488768,-0.010099906765906441,0.5761173526444636
answer~nonlin,dot_18,2,0.006952204347412616,0.0012347789519728813,-0.0047297894102558136
s1~nonlin,dot_18,2,0.6433969810185242,-0.008359958435075088,0.3986885342613199
s2~nonlin,dot_18,2,0.006952204347412394,-0.008233674358352872,-0.004729789410256036
answer,dot_18,4,0.9376903671532223,0.0028777213094315357,0.6170096345052656
s1,dot_18,4,0.9759413921940239,-0.005419687595986211,0.6969041730240109
s2,dot_18,4,0.9427668936060273,-0.013054427215030362,0.6710009451952377
answer~nonlin,dot_18,4,-0.0094887640855994,-0.003048116260652156,-0.007726679758990551
s1~nonlin,dot_18,4,0.7131918312559944,-0.008555056237527836,0.5397784426554384
s2~nonlin,dot_18,4,-0.0094887640855994,-0.010126486619155273,-0.007726679758990551
answer,dot_18,6,0.9271671624441801,-0.004338520358670772,0.658453106610872
s1,dot_18,6,0.9699804782796951,-0.007472738674273893,0.7492373447879861
s2,dot_18,6,0.9335065994898057,-0.01358730188388968,0.7065739595771185
answer~nonlin,dot_18,6,0.013320278847481215,-0.008534934003446848,0.01821741033826707
s1~nonlin,dot_18,6,0.7068441096776106,-0.009711489758197356,0.5479515863043012
s2~nonlin,dot_18,6,0.013320278847480993,-0.011324927040991861,0.01821741033826707
answer,dot_18,8,0.8942499313163792,-0.006354747774135694,0.5820554035441016
s1,dot_18,8,0.9572532051515655,-0.0061122910482303006,0.7203283700140068
s2,dot_18,8,0.902862625511859,-0.013739484958574133,0.6289169690381967
answer~nonlin,dot_18,8,-0.009049838061836457,-0.009061311869257294,0.0023471874290372785
s1~nonlin,dot_18,8,0.7006259291010419,-0.005316703499972375,0.5179171910221751
s2~nonlin,dot_18,8,-0.00904983806183668,-0.008689195634637104,0.0023471874290372785
answer,dot_18,10,0.933195487293462,-0.008045006623732087,0.7064176506245332
s1,dot_18,10,0.9711043809639179,-0.0081389673138752,0.8220827750270754
s2,dot_18,10,0.9380247439322706,-0.016029867644755003,0.7403051358394169
answer~nonlin,dot_18,10,0.008730485892923467,-0.00398750936036385,-0.003733512727677857
s1~nonlin,dot_18,10,0.717436926446578,-0.0027106589761023425,0.5923066520172389
s2~nonlin,dot_18,10,0.008730485892923578,-0.0055075440598910674,-0.003733512727677857
answer,dot_18,12,0.9073776589253792,-0.004239091892659808,0.7015193804006854
s1,dot_18,12,0.9562646643974354,-0.009450322263507838,0.7877246262298983
s2,dot_18,12,0.9161214408707959,-0.011110683848351455,0.7365478584073719
answer~nonlin,dot_18,12,-0.004447651748858306,-0.007096320436404735,0.011622764913139627
s1~nonlin,dot_18,12,0.7109209857734136,-0.0028148575459046032,0.5774911425317057
s2~nonlin,dot_18,12,-0.004447651748858306,-0.0074278861320511425,0.011622764913139627
answer,dot_18,14,0.9075803073037462,-0.0013686331537456908,0.6992356032729474
s1,dot_18,14,0.9438647629839166,-0.007180134364192403,0.8037781134631466
s2,dot_18,14,0.9153121592744703,-0.013234024969356772,0.7272198686120619
answer~nonlin,dot_18,14,-0.000503577305348113,-0.006911341650711611,-0.010119769749804775
s1~nonlin,dot_18,14,0.6972089892217265,-0.002277521201134336,0.5902696155138908
s2~nonlin,dot_18,14,-0.0005035773053478909,-0.005371510736729812,-0.010119769749804552
answer,dot_18,16,0.9072774097103657,-0.00011713845320704408,0.5888941476085945
s1,dot_18,16,0.9449553878633363,-0.011083211784377545,0.7683944306539733
s2,dot_18,16,0.91503214786399,-0.010055874979842505,0.6304008546966058
answer~nonlin,dot_18,16,-0.00416805912854068,-0.01167007777598883,0.0005624315117873646
s1~nonlin,dot_18,16,0.691730198848961,-0.00347948172537782,0.5972002343947947
s2~nonlin,dot_18,16,-0.00416805912854068,-0.0029760779826337735,0.0005624315117873646
answer,dot_18,18,0.900875762386455,-0.0003185383074004733,0.6175810531307582
s1,dot_18,18,0.9412289325131853,-0.009865439752086314,0.7426441428454225
s2,dot_18,18,0.9096299109987886,-0.00960890067981568,0.6439276988812059
answer~nonlin,dot_18,18,-0.0033498741984605562,-0.011336796775795799,-0.007803612014871231
s1~nonlin,dot_18,18,0.6895159795812291,-0.0028022479479796747,0.5698830079612616
s2~nonlin,dot_18,18,-0.0033498741984607783,-0.004123973555766547,-0.007803612014871231
answer,dot_18,20,0.8894884612145355,-0.001421905803928869,0.6411179209267821
s1,dot_18,20,0.9392010612170653,-0.008274744473589779,0.7891219864607338
s2,dot_18,20,0.9010346463658638,-0.008627300248700065,0.6760928806010258
answer~nonlin,dot_18,20,-0.005616478730434693,-0.008877174208004046,-0.004163287400725801
s1~nonlin,dot_18,20,0.6861884069128534,-0.002291106061849124,0.5586730993683001
s2~nonlin,dot_18,20,-0.005616478730434693,-0.0032340556758088113,-0.004163287400725801
answer,dot_18,22,0.8646287801968189,-0.00010317963880868142,0.6691013351490445
s1,dot_18,22,0.9197071845878817,-0.009825648981612645,0.7999496452626417
s2,dot_18,22,0.879285799072663,-0.008258174724692369,0.6964001321868631
answer~nonlin,dot_18,22,-0.006946154851262598,-0.008719233052135289,-0.010184024461241226
s1~nonlin,dot_18,22,0.6666181308456813,-0.002724126683040229,0.567866455416182
s2~nonlin,dot_18,22,-0.006946154851262598,-0.00299344707220639,-0.010184024461241226
answer,dot_18,24,0.8837381159079705,0.00032642439324892525,0.6924626718373303
s1,dot_18,24,0.9317720951904387,-0.01230019908440072,0.8163467111490006
s2,dot_18,24,0.8947234128181871,-0.00892446705113259,0.7163039686959374
answer~nonlin,dot_18,24,0.0017596893720457363,-0.0074486521388446025,0.0059067177110554425
s1~nonlin,dot_18,24,0.6804465433565119,-0.002533317349995956,0.602529072928111
s2~nonlin,dot_18,24,0.0017596893720457363,-0.004097168077787927,0.0059067177110555535
answer,dot_18,26,0.9240181241284863,-0.0039130140577650074,0.7935805192610729
s1,dot_18,26,0.9413815135887994,-0.01335420296925438,0.8046801879505303
s2,dot_18,26,0.9274148792071184,-0.012714422155004623,0.8142046828380347
answer~nonlin,dot_18,26,0.08812077058764622,-0.005707091357055827,0.02896402016225197
s1~nonlin,dot_18,26,0.6977310961598631,-0.003282015149230988,0.6118124915557139
s2~nonlin,dot_18,26,0.08812077058764656,-0.0034387080992916985,0.02896402016225219
answer,dot_18,28,0.9213443264328209,-0.002787637561894929,0.8186027920081996
s1,dot_18,28,0.9349696721715821,-0.006824937382204466,0.816700462662757
s2,dot_18,28,0.9238895699649516,-0.010897675073306967,0.830299550056793
answer~nonlin,dot_18,28,0.1281588880822181,-0.006000375990837137,0.08100660041844288
s1~nonlin,dot_18,28,0.7014802051137152,-0.0021896636564273653,0.5920807660360985
s2~nonlin,dot_18,28,0.12815888808221865,-0.006664980934009135,0.08100660041844288
answer,dot_24,0,-0.0048675607623573924,-0.002855730932946887,-0.004867560511782276
s1,dot_24,0,-0.00293969799723226,-0.0026852651338342692,-0.002939692562290208
s2,dot_24,0,-0.005703882928610682,-0.002405033821267777,-0.00570387390184357
answer~nonlin,dot_24,0,-0.0031168368295817483,-0.0034567765999091726,-0.003116836814188728
s1~nonlin,dot_24,0,-0.00044893543823532056,-0.001255450368863098,-0.0004489350842189488
s2~nonlin,dot_24,0,-0.0031168368295815263,-0.0006806065207818346,-0.003116836814188728
answer,dot_24,2,0.9218916134238033,0.0030647322365570107,0.5922016456326777
s1,dot_24,2,0.9486459104613838,-0.004866053872748299,0.6323646330927815
s2,dot_24,2,0.936675634925258,-0.0112830863194191,0.6578216181004719
answer~nonlin,dot_24,2,0.0374079440936117,-0.00522922169883655,-0.009729051607823669
s1~nonlin,dot_24,2,0.68614712447844,-0.0034724614897356787,0.4647454637308247
s2~nonlin,dot_24,2,0.03740794409361181,-0.005253072819750848,-0.009729051607823669
answer,dot_24,4,0.941406403487459,0.0015773039901744168,0.7655756479030382
s1,dot_24,4,0.9741585112845932,-0.0032358885831416107,0.8409803046557205
s2,dot_24,4,0.9490994290128613,-0.013495929992387579,0.793647929228353
answer~nonlin,dot_24,4,-0.006743740559460143,-0.007797198305235398,-0.004598441313427015
s1~nonlin,dot_24,4,0.7175627299482479,-0.004268244213033068,0.6311697694726404
s2~nonlin,dot_24,4,-0.006743740559460143,-0.00794880437031975,-0.004598441313427237
answer,dot_24,6,0.9351859696071468,-0.006692308957685578,0.7600072104910327
s1,dot_24,6,0.9734756611748141,-0.006072625950854782,0.8778303426994314
s2,dot_24,6,0.9400578947981957,-0.015576788396142849,0.7820585750164357
answer~nonlin,dot_24,6,-0.015052490388107742,-0.008054947986451566,-0.006010920322009339
s1~nonlin,dot_24,6,0.704583121462538,-0.006609437336050794,0.6502482994121693
s2~nonlin,dot_24,6,-0.015052490388107742,-0.009194023071112722,-0.006010920322009339
answer,dot_24,8,0.916456265548148,-0.009256938982098672,0.7228740479183247
s1,dot_24,8,0.9657492594179363,-0.004895397871504503,0.8355341703874399
s2,dot_24,8,0.9242697123448324,-0.015090089532400208,0.7510349231488351
answer~nonlin,dot_24,8,-0.011826421425488176,-0.00877445913749475,0.007522279697440126
s1~nonlin,dot_24,8,0.7077516014036072,-0.005818751856708548,0.631241245405099
s2~nonlin,dot_24,8,-0.011826421425488176,-0.013658165247527387,0.007522279697440126
answer,dot_24,10,0.9323318789610325,-0.010178253022294692,0.7324191092063077
s1,dot_24,10,0.9736535376728942,-0.00766687472714267,0.832542338347619
s2,dot_24,10,0.9374401872019562,-0.01578201359674125,0.7632017943007807
answer~nonlin,dot_24,10,0.016908821759937798,-0.006212321873677373,0.042459592599846
s1~nonlin,dot_24,10,0.7192040790260055,-0.004219343685246901,0.6234381487069337
s2~nonlin,dot_24,10,0.01690882175993802,-0.012420899265096264,0.042459592599846
answer,dot_24,12,0.9308189336082654,-0.005675726835855155,0.7257756921748914
s1,dot_24,12,0.9677581721896388,-0.007462912837394642,0.8393133452784177
s2,dot_24,12,0.9341328994727149,-0.01756267593377414,0.7386875060960368
answer~nonlin,dot_24,12,0.019562689459803884,-0.00777402063709598,0.02402203696376648
s1~nonlin,dot_24,12,0.7138136099563979,-0.006901672266450776,0.6107238791678298
s2~nonlin,dot_24,12,0.019562689459804106,-0.0070882946759440735,0.024022036963766702
answer,dot_24,14,0.9158162540642638,-0.004575802030627685,0.7288519641746709
s1,dot_24,14,0.9573968645131375,-0.011740162871660242,0.8349506673221854
s2,dot_24,14,0.921147521828735,-0.017131519773815995,0.7491187375783137
answer~nonlin,dot_24,14,0.017712472918035016,-0.004564366111176721,0.00212822700310622
s1~nonlin,dot_24,14,0.7019348033875936,-0.0051622002431657155,0.6115293846172496
s2~nonlin,dot_24,14,0.01771247291803535,-0.00447220653645064,0.002128227003106442
answer,dot_24,16,0.9046966916490974,-0.004280364959947214,0.68150380943263
s1,dot_24,16,0.9458094700177929,-0.016116411176349876,0.8096764147780791
s2,dot_24,16,0.9098334759898925,-0.016204764757078882,0.7188132283207599
answer~nonlin,dot_24,16,0.025084039304235195,-0.00719469408944029,0.0038826894766390563
s1~nonlin,dot_24,16,0.7014425227765546,-0.004012538656695819,0.5755674881632389
s2~nonlin,dot_24,16,0.025084039304235417,-0.0008659308253946563,0.0038826894766392783
answer,dot_24,18,0.9083479651970766,-0.0033852908563760664,0.7237526006958654
s1,dot_24,18,0.9421456326659823,-0.00821567121882727,0.8458593954160172
s2,dot_24,18,0.9175279347590186,-0.012140793955445872,0.7400270974113663
answer~nonlin,dot_24,18,0.027620979749441332,-0.006665706081422584,-0.0008744489102348041
s1~nonlin,dot_24,18,0.6875155423116578,-0.0029492493582139456,0.5873579488026923
s2~nonlin,dot_24,18,0.027620979749441554,-0.0012512930448569382,-0.000874448910234582
answer,dot_24,20,0.9249201394079897,-0.006064193590231026,0.7802706916805755
s1,dot_24,20,0.9541940474202479,-0.015262533364135633,0.8564992424358986
s2,dot_24,20,0.9260115137921384,-0.012799793651607994,0.7845770258174675
answer~nonlin,dot_24,20,0.05307188863110823,-0.005349837378437972,9.287618934672448e-05
s1~nonlin,dot_24,20,0.6970680828709377,-0.0002997537205726708,0.6405865743187816
s2~nonlin,dot_24,20,0.05307188863110823,-0.005172351930219143,9.287618934716857e-05
answer,dot_24,22,0.9240756952952693,-0.00647785776033194,0.7555238557400693
s1,dot_24,22,0.9476230581745148,-0.012605321406546466,0.835455599141189
s2,dot_24,22,0.927773563116861,-0.015839933606324186,0.759777060607528
answer~nonlin,dot_24,22,0.04641312320066471,-0.004825779255462681,0.006882872024525866
s1~nonlin,dot_24,22,0.6851590790960512,0.00023030508113719428,0.6182952002441331
s2~nonlin,dot_24,22,0.04641312320066471,-0.0020328865926213524,0.006882872024525866
answer,dot_24,24,0.9276205770679116,-0.005465507716267082,0.7872196405111498
s1,dot_24,24,0.9501189834727726,-0.013686926350846562,0.8177339579141598
s2,dot_24,24,0.9300763047810184,-0.017451699196994186,0.7880981929846425
answer~nonlin,dot_24,24,0.010900016209892782,-0.007182481002987018,-0.009463679780609802
s1~nonlin,dot_24,24,0.692022715163022,-0.0006643043612004629,0.5895000812159024
s2~nonlin,dot_24,24,0.010900016209893115,-0.001988897961013869,-0.009463679780609802
answer,dot_24,26,0.9308211271528153,5.6355809553543246e-05,0.788006354850747
s1,dot_24,26,0.9616733878336259,-0.009686986744360082,0.8609288535485043
s2,dot_24,26,0.9350457199038525,-0.01778094109290307,0.8101132756198755
answer~nonlin,dot_24,26,-0.00672698176023756,-0.0076359251901438885,-0.010561583126729834
s1~nonlin,dot_24,26,0.6979928537413224,-0.005524950587036059,0.6228460429089782
s2~nonlin,dot_24,26,-0.006726981760237782,-0.0010938804329241325,-0.010561583126729834
answer,dot_24,28,0.9217628282791744,0.0005408246112276194,0.7250515952083407
s1,dot_24,28,0.9577186281017045,-0.006440847783918402,0.8463742070533664
s2,dot_24,28,0.9252538196384349,-0.015434863241533314,0.7530843461596655
answer~nonlin,dot_24,28,-0.014654180666686667,-0.007212977872882886,-0.009576088115643477
s1~nonlin,dot_24,28,0.7015530923286374,-0.005957801268273055,0.6331342506656805
s2~nonlin,dot_24,28,-0.014654180666686667,-0.0013158373818558111,-0.009576088115643477
answer,final,0,-0.0048675607623573924,-0.002855730932946887,-0.004867560511782276
s1,final,0,-0.00293969799723226,-0.0026852651338342692,-0.002939692562290208
s2,final,0,-0.005703882928610682,-0.002405033821267777,-0.00570387390184357
answer~nonlin,final,0,-0.0031168368295817483,-0.0034567765999091726,-0.003116836814188728
s1~nonlin,final,0,-0.00044893543823532056,-0.001255450368863098,-0.0004489350842189488
s2~nonlin,final,0,-0.0031168368295815263,-0.0006806065207818346,-0.003116836814188728
answer,final,2,0.8877923616081661,0.004914268047294557,0.6084255817700954
s1,final,2,0.9248052796229596,-0.0028170652650358896,0.5745346210418942
s2,final,2,0.9184204068275348,-0.0118685427273173,0.7000161514562613
answer~nonlin,final,2,0.11774051770380145,-0.0053219823363588326,-0.0032400711878122213
s1~nonlin,final,2,0.6874059785237662,-0.005653717313566675,0.4707698130718101
s2~nonlin,final,2,0.11774051770380156,-0.0023836578616767135,-0.0032400711878124433
answer,final,4,0.930018394941031,0.003645619010795409,0.6989934925779766
s1,final,4,0.9677208761962476,-0.004162115450856874,0.7925061359062573
s2,final,4,0.9440791308446973,-0.0179742706728232,0.769100023685749
answer~nonlin,final,4,-0.01995866507486821,-0.005134344301422011,-0.009943488166027858
s1~nonlin,final,4,0.7104671878857891,-0.010189905298425339,0.589762260633071
s2~nonlin,final,4,-0.01995866507486821,-0.004638585777395621,-0.00994348816602808
answer,final,6,0.895551964169754,8.625429018815911e-05,0.687657998807022
s1,final,6,0.9462913359559826,-0.00994618115364676,0.8015760671585035
s2,final,6,0.912661037890183,-0.015749813930336698,0.7291838222684341
answer~nonlin,final,6,-0.010120554081060495,-0.007222072059879681,-0.008822757666374414
s1~nonlin,final,6,0.6964721312140079,-0.0059761596162655195,0.5770963756802097
s2~nonlin,final,6,-0.010120554081060495,-0.0025296083864605468,-0.008822757666374414
answer,final,8,0.8713535786329067,-0.006850032382887283,0.6380836541777588
s1,final,8,0.949244295759406,-0.009940984473835401,0.8353471952493152
s2,final,8,0.886048024876674,-0.012870278537242541,0.6848021508477347
answer~nonlin,final,8,-0.009536069860485608,-0.0062210166857479265,-0.004431897433845089
s1~nonlin,final,8,0.6938224705044627,-0.004934650662988815,0.6164830708687647
s2~nonlin,final,8,-0.009536069860485608,-0.006715502627770986,-0.004431897433844867
answer,final,10,0.8616594952956946,-0.007293614358663714,0.5688987799679892
s1,final,10,0.9404115595455482,-0.00877532806715342,0.7482370980767434
s2,final,10,0.8817247671782019,-0.01386547959546136,0.6191443980385402
answer~nonlin,final,10,0.0023233664399363585,-0.00564479907570381,-0.00020254110377893042
s1~nonlin,final,10,0.6826334462507038,-0.005176439105730513,0.5641765962677955
s2~nonlin,final,10,0.0023233664399362475,-0.00671562078427379,-0.00020254110377893042
answer,final,12,0.8964595581864003,-0.0065269384141961595,0.6754353371358321
s1,final,12,0.9611201313317718,-0.0022221639857258335,0.8316305567861537
s2,final,12,0.9089727309993738,-0.02042813958968881,0.7035222901721768
answer~nonlin,final,12,-0.006798500634291438,-0.0065611348743432885,-0.007163682963824414
s1~nonlin,final,12,0.6829508640198465,-0.0042053917771609495,0.5887512878541212
s2~nonlin,final,12,-0.006798500634291438,-0.0052434216124324085,-0.007163682963824414
answer,final,14,0.9381686352831347,-0.0052897278443495566,0.8815727334895479
s1,final,14,0.9720298981973354,-0.010469665044452903,0.9075422068249515
s2,final,14,0.9448794329673768,-0.01844686087579639,0.8905968890711293
answer~nonlin,final,14,-0.020628664298214083,-0.01065995496617611,-0.015433769731718838
s1~nonlin,final,14,0.7085281153797715,-0.003284997584021898,0.6555713182196117
s2~nonlin,final,14,-0.020628664298214083,-0.0073093552125000905,-0.015433769731718838
answer,final,16,0.9467963300877117,-0.008718077014077119,0.8806916872110216
s1,final,16,0.9749635139580891,-0.008706088011948054,0.9121686358731601
s2,final,16,0.9501639854314518,-0.02193328207568679,0.8815925809982659
answer~nonlin,final,16,0.0195188598767283,-0.007988338345433776,-0.016632086994903705
s1~nonlin,final,16,0.7153091023285817,-0.003939825715344458,0.6665750229752139
s2~nonlin,final,16,0.0195188598767283,-0.007821351546181798,-0.016632086994903705
answer,final,18,0.9509748775878974,-0.011101644405160371,0.8919946278860164
s1,final,18,0.9734936238838052,-0.010113669582834994,0.8940341820276716
s2,final,18,0.9529927833585203,-0.021969657552127098,0.8907633373271242
answer~nonlin,final,18,0.23270526639917777,-0.008817450149609884,0.20413823204646797
s1~nonlin,final,18,0.7183483350579851,-0.004040760932730647,0.6317816476613097
s2~nonlin,final,18,0.2327052663991782,-0.00836770640652107,0.20413823204646842
answer,final,20,0.9449629806531931,-0.013921757701626403,0.8723610041157688
s1,final,20,0.9505433522997032,-0.00887522095460147,0.875177797057817
s2,final,20,0.9399770100582053,-0.018266256314202867,0.8596831645732557
answer~nonlin,final,20,0.22237306550952285,-0.008865105792233985,0.1682550039038424
s1~nonlin,final,20,0.6944797823879181,-0.009327463389213086,0.6489800565812781
s2~nonlin,final,20,0.2223730655095234,-0.007837443138175137,0.16825500390384307
answer,final,22,0.9505715198527491,-0.007116118962537499,0.9026699154362119
s1,final,22,0.9462454782698096,-0.0050723155180039114,0.8632203792760207
s2,final,22,0.9483528030641167,-0.015243220013665182,0.8859393444852345
answer~nonlin,final,22,0.6530989939819697,-0.011246565721017676,0.5024233883522087
s1~nonlin,final,22,0.7219034440894473,-0.0068840952632514,0.6388463044648174
s2~nonlin,final,22,0.6530989939819701,-0.005538970378388353,0.5024233883522089
answer,final,24,0.9740116756819159,-0.0033073949972648453,0.9485246333756635
s1,final,24,0.9713543978717973,-0.0047271170953200325,0.9169387482305923
s2,final,24,0.9744441648508333,-0.014795059997746218,0.941323141206711
answer~nonlin,final,24,0.8838731387364805,-0.01520759308003039,0.7168252627012939
s1~nonlin,final,24,0.7560883485804755,-0.012103150087100056,0.7022036172500266
s2~nonlin,final,24,0.8838731387364807,-0.005348745574357938,0.7168252627012942
answer,final,26,0.9732055953646708,-0.006060318814796961,0.9317409152214338
s1,final,26,0.9654387781712941,-0.0010967269501267474,0.8992161278123518
s2,final,26,0.9724242120302571,-0.013069560379682876,0.9280310697103229
answer~nonlin,final,26,0.8790664517707714,-0.014374184844581972,0.7297622637797924
s1~nonlin,final,26,0.7668973557607472,-0.011198607718732934,0.7057196394943529
s2~nonlin,final,26,0.8790664517707714,-0.00731491492672065,0.7297622637797925
answer,final,28,0.9719969563241864,-0.0074474621186451095,0.907802804381731
s1,final,28,0.961297648684148,-0.0038063210656298363,0.8771022297845613
s2,final,28,0.9707708711422753,-0.013405688588041142,0.9090838350791439
answer~nonlin,final,28,0.8742868689631933,-0.014905149125331363,0.7338262664690198
s1~nonlin,final,28,0.7591576074317823,-0.007259701274562547,0.693208574344117
s2~nonlin,final,28,0.8742868689631933,-0.006286528884565046,0.73382626646902
