target,position,layer,top1_first_digit,top1_shuffled
answer,q_last,0,0.521,0.521
s1,q_last,0,0.009,0.009
s2,q_last,0,0.619,0.619
answer,q_last,1,0.137,0.135
s1,q_last,1,0.038,0.058
s2,q_last,1,0.141,0.124
answer,q_last,2,0.097,0.094
s1,q_last,2,0.084,0.098
s2,q_last,2,0.092,0.092
answer,q_last,3,0.1,0.123
s1,q_last,3,0.129,0.12
s2,q_last,3,0.096,0.13
answer,q_last,4,0.071,0.109
s1,q_last,4,0.112,0.095
s2,q_last,4,0.056,0.102
answer,q_last,5,0.071,0.133
s1,q_last,5,0.117,0.102
s2,q_last,5,0.059,0.115
answer,q_last,6,0.085,0.118
s1,q_last,6,0.114,0.108
s2,q_last,6,0.078,0.118
answer,q_last,7,0.082,0.088
s1,q_last,7,0.1,0.114
s2,q_last,7,0.088,0.106
answer,q_last,8,0.096,0.073
s1,q_last,8,0.122,0.098
s2,q_last,8,0.064,0.094
answer,q_last,9,0.097,0.101
s1,q_last,9,0.116,0.105
s2,q_last,9,0.072,0.099
answer,q_last,10,0.116,0.109
s1,q_last,10,0.12,0.077
s2,q_last,10,0.108,0.095
answer,q_last,11,0.11,0.087
s1,q_last,11,0.102,0.073
s2,q_last,11,0.075,0.084
answer,q_last,12,0.091,0.102
s1,q_last,12,0.13,0.088
s2,q_last,12,0.072,0.106
answer,q_last,13,0.07,0.078
s1,q_last,13,0.142,0.096
s2,q_last,13,0.046,0.076
answer,q_last,14,0.091,0.091
s1,q_last,14,0.142,0.116
s2,q_last,14,0.061,0.082
answer,q_last,15,0.064,0.112
s1,q_last,15,0.153,0.087
s2,q_last,15,0.067,0.109
answer,q_last,16,0.075,0.119
s1,q_last,16,0.161,0.089
s2,q_last,16,0.075,0.113
answer,q_last,17,0.076,0.098
s1,q_last,17,0.142,0.097
s2,q_last,17,0.068,0.099
answer,q_last,18,0.091,0.119
s1,q_last,18,0.134,0.102
s2,q_last,18,0.093,0.108
answer,q_last,19,0.08,0.155
s1,q_last,19,0.121,0.096
s2,q_last,19,0.095,0.157
answer,q_last,20,0.069,0.132
s1,q_last,20,0.1,0.083
s2,q_last,20,0.09,0.123
answer,q_last,21,0.078,0.14
s1,q_last,21,0.101,0.09
s2,q_last,21,0.094,0.152
answer,q_last,22,0.072,0.098
s1,q_last,22,0.082,0.082
s2,q_last,22,0.072,0.123
answer,q_last,23,0.083,0.112
s1,q_last,23,0.106,0.074
s2,q_last,23,0.097,0.141
answer,q_last,24,0.04,0.12
s1,q_last,24,0.062,0.1
s2,q_last,24,0.056,0.12
answer,q_last,25,0.044,0.119
s1,q_last,25,0.076,0.101
s2,q_last,25,0.06,0.129
answer,q_last,26,0.037,0.11
s1,q_last,26,0.064,0.104
s2,q_last,26,0.04,0.112
answer,q_last,27,0.037,0.093
s1,q_last,27,0.064,0.095
s2,q_last,27,0.033,0.096
answer,q_last,28,0.039,0.099
s1,q_last,28,0.055,0.072
s2,q_last,28,0.046,0.121
answer,dot_0,0,0.029,0.029
s1,dot_0,0,0.105,0.105
s2,dot_0,0,0.003,0.003
answer,dot_0,1,0.113,0.099
s1,dot_0,1,0.079,0.077
s2,dot_0,1,0.122,0.121
answer,dot_0,2,0.113,0.101
s1,dot_0,2,0.091,0.088
s2,dot_0,2,0.112,0.118
answer,dot_0,3,0.123,0.156
s1,dot_0,3,0.096,0.098
s2,dot_0,3,0.131,0.173
answer,dot_0,4,0.1,0.118
s1,dot_0,4,0.107,0.073
s2,dot_0,4,0.087,0.139
answer,dot_0,5,0.112,0.139
s1,dot_0,5,0.076,0.094
s2,dot_0,5,0.113,0.151
answer,dot_0,6,0.099,0.109
s1,dot_0,6,0.111,0.068
s2,dot_0,6,0.1,0.11
answer,dot_0,7,0.131,0.147
s1,dot_0,7,0.099,0.058
s2,dot_0,7,0.143,0.178
answer,dot_0,8,0.11,0.107
s1,dot_0,8,0.137,0.087
s2,dot_0,8,0.097,0.103
answer,dot_0,9,0.121,0.13
s1,dot_0,9,0.136,0.094
s2,dot_0,9,0.113,0.14
answer,dot_0,10,0.115,0.123
s1,dot_0,10,0.106,0.061
s2,dot_0,10,0.102,0.142
answer,dot_0,11,0.125,0.103
s1,dot_0,11,0.092,0.076
s2,dot_0,11,0.102,0.129
answer,dot_0,12,0.098,0.102
s1,dot_0,12,0.104,0.078
s2,dot_0,12,0.074,0.113
answer,dot_0,13,0.087,0.092
s1,dot_0,13,0.116,0.093
s2,dot_0,13,0.069,0.076
answer,dot_0,14,0.121,0.115
s1,dot_0,14,0.124,0.088
s2,dot_0,14,0.11,0.107
answer,dot_0,15,0.082,0.108
s1,dot_0,15,0.138,0.101
s2,dot_0,15,0.073,0.106
answer,dot_0,16,0.073,0.111
s1,dot_0,16,0.15,0.096
s2,dot_0,16,0.07,0.083
answer,dot_0,17,0.065,0.085
s1,dot_0,17,0.118,0.098
s2,dot_0,17,0.056,0.064
answer,dot_0,18,0.105,0.096
s1,dot_0,18,0.138,0.097
s2,dot_0,18,0.081,0.095
answer,dot_0,19,0.108,0.119
s1,dot_0,19,0.129,0.113
s2,dot_0,19,0.103,0.096
answer,dot_0,20,0.138,0.138
s1,dot_0,20,0.115,0.097
s2,dot_0,20,0.128,0.14
answer,dot_0,21,0.149,0.16
s1,dot_0,21,0.084,0.088
s2,dot_0,21,0.191,0.163
answer,dot_0,22,0.133,0.121
s1,dot_0,22,0.097,0.093
s2,dot_0,22,0.127,0.104
answer,dot_0,23,0.128,0.125
s1,dot_0,23,0.098,0.099
s2,dot_0,23,0.122,0.126
answer,dot_0,24,0.141,0.123
s1,dot_0,24,0.097,0.09
s2,dot_0,24,0.141,0.128
answer,dot_0,25,0.19,0.166
s1,dot_0,25,0.08,0.081
s2,dot_0,25,0.196,0.182
answer,dot_0,26,0.091,0.084
s1,dot_0,26,0.09,0.106
s2,dot_0,26,0.085,0.085
answer,dot_0,27,0.083,0.111
s1,dot_0,27,0.066,0.097
s2,dot_0,27,0.107,0.114
answer,dot_0,28,0.108,0.129
s1,dot_0,28,0.088,0.079
s2,dot_0,28,0.115,0.164
answer,dot_1,0,0.029,0.029
s1,dot_1,0,0.105,0.105
s2,dot_1,0,0.003,0.003
answer,dot_1,1,0.059,0.067
s1,dot_1,1,0.109,0.098
s2,dot_1,1,0.041,0.074
answer,dot_1,2,0.131,0.137
s1,dot_1,2,0.082,0.081
s2,dot_1,2,0.129,0.158
answer,dot_1,3,0.123,0.172
s1,dot_1,3,0.103,0.093
s2,dot_1,3,0.126,0.176
answer,dot_1,4,0.096,0.109
s1,dot_1,4,0.11,0.087
s2,dot_1,4,0.097,0.127
answer,dot_1,5,0.111,0.134
s1,dot_1,5,0.104,0.078
s2,dot_1,5,0.112,0.138
answer,dot_1,6,0.095,0.105
s1,dot_1,6,0.099,0.081
s2,dot_1,6,0.104,0.123
answer,dot_1,7,0.116,0.11
s1,dot_1,7,0.117,0.092
s2,dot_1,7,0.116,0.108
answer,dot_1,8,0.112,0.114
s1,dot_1,8,0.121,0.086
s2,dot_1,8,0.122,0.122
answer,dot_1,9,0.158,0.145
s1,dot_1,9,0.122,0.104
s2,dot_1,9,0.147,0.148
answer,dot_1,10,0.109,0.11
s1,dot_1,10,0.104,0.081
s2,dot_1,10,0.107,0.113
answer,dot_1,11,0.13,0.127
s1,dot_1,11,0.063,0.071
s2,dot_1,11,0.148,0.138
answer,dot_1,12,0.12,0.116
s1,dot_1,12,0.068,0.08
s2,dot_1,12,0.125,0.133
answer,dot_1,13,0.115,0.135
s1,dot_1,13,0.074,0.092
s2,dot_1,13,0.149,0.131
answer,dot_1,14,0.097,0.098
s1,dot_1,14,0.086,0.096
s2,dot_1,14,0.1,0.103
answer,dot_1,15,0.103,0.118
s1,dot_1,15,0.101,0.082
s2,dot_1,15,0.098,0.123
answer,dot_1,16,0.1,0.107
s1,dot_1,16,0.092,0.073
s2,dot_1,16,0.095,0.111
answer,dot_1,17,0.075,0.098
s1,dot_1,17,0.12,0.092
s2,dot_1,17,0.072,0.106
answer,dot_1,18,0.111,0.108
s1,dot_1,18,0.134,0.081
s2,dot_1,18,0.091,0.114
answer,dot_1,19,0.07,0.089
s1,dot_1,19,0.152,0.099
s2,dot_1,19,0.049,0.091
answer,dot_1,20,0.106,0.117
s1,dot_1,20,0.078,0.068
s2,dot_1,20,0.097,0.136
answer,dot_1,21,0.11,0.132
s1,dot_1,21,0.125,0.089
s2,dot_1,21,0.101,0.143
answer,dot_1,22,0.091,0.116
s1,dot_1,22,0.103,0.059
s2,dot_1,22,0.086,0.131
answer,dot_1,23,0.103,0.135
s1,dot_1,23,0.099,0.073
s2,dot_1,23,0.102,0.142
answer,dot_1,24,0.081,0.123
s1,dot_1,24,0.123,0.102
s2,dot_1,24,0.082,0.113
answer,dot_1,25,0.099,0.097
s1,dot_1,25,0.149,0.122
s2,dot_1,25,0.065,0.086
answer,dot_1,26,0.071,0.114
s1,dot_1,26,0.132,0.125
s2,dot_1,26,0.068,0.101
answer,dot_1,27,0.063,0.116
s1,dot_1,27,0.123,0.121
s2,dot_1,27,0.072,0.115
answer,dot_1,28,0.098,0.129
s1,dot_1,28,0.11,0.104
s2,dot_1,28,0.113,0.158
answer,dot_2,0,0.029,0.029
s1,dot_2,0,0.105,0.105
s2,dot_2,0,0.003,0.003
answer,dot_2,1,0.045,0.074
s1,dot_2,1,0.085,0.095
s2,dot_2,1,0.054,0.081
answer,dot_2,2,0.082,0.095
s1,dot_2,2,0.106,0.093
s2,dot_2,2,0.091,0.105
answer,dot_2,3,0.08,0.119
s1,dot_2,3,0.102,0.087
s2,dot_2,3,0.091,0.128
answer,dot_2,4,0.087,0.128
s1,dot_2,4,0.128,0.101
s2,dot_2,4,0.099,0.133
answer,dot_2,5,0.096,0.14
s1,dot_2,5,0.12,0.097
s2,dot_2,5,0.106,0.124
answer,dot_2,6,0.066,0.083
s1,dot_2,6,0.087,0.096
s2,dot_2,6,0.071,0.089
answer,dot_2,7,0.102,0.095
s1,dot_2,7,0.119,0.112
s2,dot_2,7,0.104,0.097
answer,dot_2,8,0.07,0.08
s1,dot_2,8,0.144,0.089
s2,dot_2,8,0.061,0.079
answer,dot_2,9,0.102,0.103
s1,dot_2,9,0.118,0.098
s2,dot_2,9,0.094,0.081
answer,dot_2,10,0.101,0.115
s1,dot_2,10,0.107,0.105
s2,dot_2,10,0.107,0.1
answer,dot_2,11,0.114,0.097
s1,dot_2,11,0.106,0.108
s2,dot_2,11,0.092,0.092
answer,dot_2,12,0.112,0.088
s1,dot_2,12,0.105,0.099
s2,dot_2,12,0.09,0.101
answer,dot_2,13,0.094,0.089
s1,dot_2,13,0.108,0.105
s2,dot_2,13,0.104,0.1
answer,dot_2,14,0.102,0.105
s1,dot_2,14,0.095,0.095
s2,dot_2,14,0.083,0.102
answer,dot_2,15,0.111,0.12
s1,dot_2,15,0.131,0.098
s2,dot_2,15,0.099,0.128
answer,dot_2,16,0.102,0.099
s1,dot_2,16,0.098,0.089
s2,dot_2,16,0.103,0.131
answer,dot_2,17,0.102,0.105
s1,dot_2,17,0.129,0.085
s2,dot_2,17,0.103,0.106
answer,dot_2,18,0.072,0.087
s1,dot_2,18,0.128,0.098
s2,dot_2,18,0.071,0.104
answer,dot_2,19,0.129,0.157
s1,dot_2,19,0.12,0.087
s2,dot_2,19,0.141,0.153
answer,dot_2,20,0.143,0.133
s1,dot_2,20,0.09,0.091
s2,dot_2,20,0.13,0.135
answer,dot_2,21,0.122,0.131
s1,dot_2,21,0.087,0.075
s2,dot_2,21,0.142,0.121
answer,dot_2,22,0.11,0.122
s1,dot_2,22,0.076,0.07
s2,dot_2,22,0.127,0.129
answer,dot_2,23,0.098,0.108
s1,dot_2,23,0.082,0.052
s2,dot_2,23,0.109,0.112
answer,dot_2,24,0.073,0.101
s1,dot_2,24,0.082,0.07
s2,dot_2,24,0.111,0.104
answer,dot_2,25,0.081,0.1
s1,dot_2,25,0.074,0.065
s2,dot_2,25,0.097,0.097
answer,dot_2,26,0.093,0.127
s1,dot_2,26,0.08,0.076
s2,dot_2,26,0.113,0.137
answer,dot_2,27,0.072,0.139
s1,dot_2,27,0.07,0.088
s2,dot_2,27,0.101,0.138
answer,dot_2,28,0.069,0.109
s1,dot_2,28,0.106,0.083
s2,dot_2,28,0.097,0.131
answer,dot_3,0,0.029,0.029
s1,dot_3,0,0.105,0.105
s2,dot_3,0,0.003,0.003
answer,dot_3,1,0.091,0.105
s1,dot_3,1,0.087,0.083
s2,dot_3,1,0.093,0.11
answer,dot_3,2,0.076,0.097
s1,dot_3,2,0.092,0.078
s2,dot_3,2,0.067,0.085
answer,dot_3,3,0.047,0.1
s1,dot_3,3,0.101,0.085
s2,dot_3,3,0.049,0.083
answer,dot_3,4,0.089,0.126
s1,dot_3,4,0.101,0.087
s2,dot_3,4,0.093,0.12
answer,dot_3,5,0.109,0.148
s1,dot_3,5,0.081,0.081
s2,dot_3,5,0.123,0.15
answer,dot_3,6,0.102,0.134
s1,dot_3,6,0.067,0.076
s2,dot_3,6,0.118,0.13
answer,dot_3,7,0.096,0.112
s1,dot_3,7,0.063,0.09
s2,dot_3,7,0.105,0.124
answer,dot_3,8,0.114,0.115
s1,dot_3,8,0.084,0.098
s2,dot_3,8,0.115,0.119
answer,dot_3,9,0.088,0.101
s1,dot_3,9,0.081,0.071
s2,dot_3,9,0.099,0.099
answer,dot_3,10,0.085,0.112
s1,dot_3,10,0.092,0.103
s2,dot_3,10,0.102,0.108
answer,dot_3,11,0.089,0.126
s1,dot_3,11,0.11,0.102
s2,dot_3,11,0.117,0.129
answer,dot_3,12,0.094,0.108
s1,dot_3,12,0.105,0.106
s2,dot_3,12,0.115,0.125
answer,dot_3,13,0.107,0.119
s1,dot_3,13,0.074,0.086
s2,dot_3,13,0.157,0.149
answer,dot_3,14,0.071,0.084
s1,dot_3,14,0.077,0.091
s2,dot_3,14,0.079,0.11
answer,dot_3,15,0.109,0.124
s1,dot_3,15,0.099,0.102
s2,dot_3,15,0.109,0.119
answer,dot_3,16,0.084,0.129
s1,dot_3,16,0.105,0.073
s2,dot_3,16,0.092,0.13
answer,dot_3,17,0.07,0.126
s1,dot_3,17,0.102,0.071
s2,dot_3,17,0.069,0.129
answer,dot_3,18,0.071,0.124
s1,dot_3,18,0.118,0.083
s2,dot_3,18,0.074,0.123
answer,dot_3,19,0.06,0.116
s1,dot_3,19,0.122,0.093
s2,dot_3,19,0.066,0.108
answer,dot_3,20,0.076,0.099
s1,dot_3,20,0.097,0.096
s2,dot_3,20,0.066,0.101
answer,dot_3,21,0.109,0.109
s1,dot_3,21,0.101,0.094
s2,dot_3,21,0.105,0.113
answer,dot_3,22,0.17,0.139
s1,dot_3,22,0.054,0.083
s2,dot_3,22,0.177,0.149
answer,dot_3,23,0.144,0.108
s1,dot_3,23,0.102,0.082
s2,dot_3,23,0.143,0.103
answer,dot_3,24,0.123,0.124
s1,dot_3,24,0.058,0.069
s2,dot_3,24,0.143,0.108
answer,dot_3,25,0.13,0.13
s1,dot_3,25,0.087,0.088
s2,dot_3,25,0.145,0.115
answer,dot_3,26,0.088,0.106
s1,dot_3,26,0.076,0.097
s2,dot_3,26,0.094,0.092
answer,dot_3,27,0.083,0.106
s1,dot_3,27,0.059,0.078
s2,dot_3,27,0.103,0.101
answer,dot_3,28,0.108,0.102
s1,dot_3,28,0.048,0.079
s2,dot_3,28,0.125,0.096
answer,dot_4,0,0.029,0.029
s1,dot_4,0,0.105,0.105
s2,dot_4,0,0.003,0.003
answer,dot_4,1,0.103,0.12
s1,dot_4,1,0.072,0.07
s2,dot_4,1,0.116,0.112
answer,dot_4,2,0.065,0.086
s1,dot_4,2,0.105,0.086
s2,dot_4,2,0.061,0.051
answer,dot_4,3,0.063,0.089
s1,dot_4,3,0.085,0.089
s2,dot_4,3,0.07,0.094
answer,dot_4,4,0.101,0.125
s1,dot_4,4,0.081,0.08
s2,dot_4,4,0.127,0.136
answer,dot_4,5,0.116,0.142
s1,dot_4,5,0.069,0.092
s2,dot_4,5,0.128,0.147
answer,dot_4,6,0.102,0.125
s1,dot_4,6,0.092,0.075
s2,dot_4,6,0.103,0.12
answer,dot_4,7,0.118,0.096
s1,dot_4,7,0.072,0.095
s2,dot_4,7,0.109,0.11
answer,dot_4,8,0.134,0.109
s1,dot_4,8,0.086,0.073
s2,dot_4,8,0.116,0.122
answer,dot_4,9,0.113,0.097
s1,dot_4,9,0.085,0.095
s2,dot_4,9,0.12,0.104
answer,dot_4,10,0.085,0.097
s1,dot_4,10,0.105,0.093
s2,dot_4,10,0.095,0.11
answer,dot_4,11,0.076,0.101
s1,dot_4,11,0.117,0.103
s2,dot_4,11,0.088,0.103
answer,dot_4,12,0.091,0.103
s1,dot_4,12,0.107,0.1
s2,dot_4,12,0.118,0.115
answer,dot_4,13,0.08,0.085
s1,dot_4,13,0.118,0.1
s2,dot_4,13,0.117,0.076
answer,dot_4,14,0.085,0.105
s1,dot_4,14,0.104,0.093
s2,dot_4,14,0.107,0.101
answer,dot_4,15,0.079,0.087
s1,dot_4,15,0.107,0.09
s2,dot_4,15,0.08,0.072
answer,dot_4,16,0.087,0.104
s1,dot_4,16,0.103,0.093
s2,dot_4,16,0.093,0.098
answer,dot_4,17,0.071,0.11
s1,dot_4,17,0.113,0.098
s2,dot_4,17,0.077,0.09
answer,dot_4,18,0.068,0.118
s1,dot_4,18,0.124,0.074
s2,dot_4,18,0.07,0.107
answer,dot_4,19,0.087,0.112
s1,dot_4,19,0.121,0.083
s2,dot_4,19,0.096,0.114
answer,dot_4,20,0.086,0.116
s1,dot_4,20,0.114,0.081
s2,dot_4,20,0.076,0.106
answer,dot_4,21,0.094,0.092
s1,dot_4,21,0.116,0.098
s2,dot_4,21,0.073,0.102
answer,dot_4,22,0.122,0.136
s1,dot_4,22,0.094,0.087
s2,dot_4,22,0.119,0.146
answer,dot_4,23,0.086,0.1
s1,dot_4,23,0.114,0.077
s2,dot_4,23,0.077,0.104
answer,dot_4,24,0.095,0.103
s1,dot_4,24,0.101,0.094
s2,dot_4,24,0.079,0.094
answer,dot_4,25,0.109,0.092
s1,dot_4,25,0.12,0.083
s2,dot_4,25,0.081,0.084
answer,dot_4,26,0.099,0.115
s1,dot_4,26,0.114,0.096
s2,dot_4,26,0.096,0.119
answer,dot_4,27,0.091,0.122
s1,dot_4,27,0.122,0.107
s2,dot_4,27,0.09,0.1
answer,dot_4,28,0.119,0.146
s1,dot_4,28,0.105,0.094
s2,dot_4,28,0.128,0.125
answer,dot_5,0,0.029,0.029
s1,dot_5,0,0.105,0.105
s2,dot_5,0,0.003,0.003
answer,dot_5,1,0.062,0.077
s1,dot_5,1,0.098,0.097
s2,dot_5,1,0.059,0.074
answer,dot_5,2,0.094,0.105
s1,dot_5,2,0.101,0.096
s2,dot_5,2,0.099,0.088
answer,dot_5,3,0.082,0.103
s1,dot_5,3,0.089,0.104
s2,dot_5,3,0.093,0.112
answer,dot_5,4,0.088,0.121
s1,dot_5,4,0.099,0.084
s2,dot_5,4,0.08,0.11
answer,dot_5,5,0.089,0.118
s1,dot_5,5,0.052,0.078
s2,dot_5,5,0.091,0.121
answer,dot_5,6,0.078,0.1
s1,dot_5,6,0.087,0.08
s2,dot_5,6,0.07,0.121
answer,dot_5,7,0.112,0.094
s1,dot_5,7,0.085,0.102
s2,dot_5,7,0.088,0.109
answer,dot_5,8,0.109,0.099
s1,dot_5,8,0.08,0.092
s2,dot_5,8,0.098,0.122
answer,dot_5,9,0.15,0.127
s1,dot_5,9,0.085,0.088
s2,dot_5,9,0.128,0.123
answer,dot_5,10,0.146,0.123
s1,dot_5,10,0.085,0.088
s2,dot_5,10,0.144,0.118
answer,dot_5,11,0.099,0.108
s1,dot_5,11,0.088,0.096
s2,dot_5,11,0.107,0.094
answer,dot_5,12,0.081,0.078
s1,dot_5,12,0.114,0.091
s2,dot_5,12,0.073,0.082
answer,dot_5,13,0.141,0.111
s1,dot_5,13,0.136,0.09
s2,dot_5,13,0.133,0.12
answer,dot_5,14,0.099,0.096
s1,dot_5,14,0.077,0.107
s2,dot_5,14,0.108,0.1
answer,dot_5,15,0.094,0.1
s1,dot_5,15,0.106,0.111
s2,dot_5,15,0.108,0.078
answer,dot_5,16,0.087,0.101
s1,dot_5,16,0.091,0.079
s2,dot_5,16,0.104,0.102
answer,dot_5,17,0.108,0.115
s1,dot_5,17,0.116,0.095
s2,dot_5,17,0.11,0.12
answer,dot_5,18,0.088,0.08
s1,dot_5,18,0.125,0.106
s2,dot_5,18,0.09,0.101
answer,dot_5,19,0.099,0.119
s1,dot_5,19,0.106,0.092
s2,dot_5,19,0.1,0.121
answer,dot_5,20,0.112,0.114
s1,dot_5,20,0.1,0.098
s2,dot_5,20,0.122,0.127
answer,dot_5,21,0.133,0.139
s1,dot_5,21,0.112,0.074
s2,dot_5,21,0.153,0.155
answer,dot_5,22,0.131,0.108
s1,dot_5,22,0.078,0.066
s2,dot_5,22,0.136,0.136
answer,dot_5,23,0.146,0.133
s1,dot_5,23,0.129,0.082
s2,dot_5,23,0.13,0.148
answer,dot_5,24,0.144,0.126
s1,dot_5,24,0.097,0.082
s2,dot_5,24,0.147,0.139
answer,dot_5,25,0.163,0.134
s1,dot_5,25,0.093,0.082
s2,dot_5,25,0.171,0.162
answer,dot_5,26,0.117,0.108
s1,dot_5,26,0.09,0.106
s2,dot_5,26,0.125,0.132
answer,dot_5,27,0.124,0.135
s1,dot_5,27,0.1,0.096
s2,dot_5,27,0.137,0.161
answer,dot_5,28,0.103,0.128
s1,dot_5,28,0.083,0.095
s2,dot_5,28,0.114,0.132
answer,dot_6,0,0.029,0.029
s1,dot_6,0,0.105,0.105
s2,dot_6,0,0.003,0.003
answer,dot_6,1,0.086,0.1
s1,dot_6,1,0.088,0.098
s2,dot_6,1,0.077,0.098
answer,dot_6,2,0.103,0.088
s1,dot_6,2,0.109,0.099
s2,dot_6,2,0.092,0.107
answer,dot_6,3,0.081,0.108
s1,dot_6,3,0.082,0.09
s2,dot_6,3,0.084,0.109
answer,dot_6,4,0.092,0.14
s1,dot_6,4,0.091,0.096
s2,dot_6,4,0.101,0.147
answer,dot_6,5,0.098,0.132
s1,dot_6,5,0.062,0.083
s2,dot_6,5,0.102,0.149
answer,dot_6,6,0.118,0.122
s1,dot_6,6,0.093,0.083
s2,dot_6,6,0.112,0.141
answer,dot_6,7,0.126,0.114
s1,dot_6,7,0.069,0.094
s2,dot_6,7,0.109,0.136
answer,dot_6,8,0.127,0.104
s1,dot_6,8,0.07,0.088
s2,dot_6,8,0.109,0.116
answer,dot_6,9,0.149,0.118
s1,dot_6,9,0.077,0.081
s2,dot_6,9,0.134,0.126
answer,dot_6,10,0.125,0.114
s1,dot_6,10,0.097,0.107
s2,dot_6,10,0.112,0.104
answer,dot_6,11,0.122,0.121
s1,dot_6,11,0.078,0.1
s2,dot_6,11,0.119,0.118
answer,dot_6,12,0.085,0.098
s1,dot_6,12,0.125,0.102
s2,dot_6,12,0.09,0.088
answer,dot_6,13,0.118,0.126
s1,dot_6,13,0.111,0.095
s2,dot_6,13,0.111,0.113
answer,dot_6,14,0.108,0.11
s1,dot_6,14,0.086,0.087
s2,dot_6,14,0.11,0.117
answer,dot_6,15,0.121,0.11
s1,dot_6,15,0.095,0.084
s2,dot_6,15,0.134,0.12
answer,dot_6,16,0.11,0.115
s1,dot_6,16,0.082,0.072
s2,dot_6,16,0.14,0.109
answer,dot_6,17,0.111,0.136
s1,dot_6,17,0.096,0.074
s2,dot_6,17,0.137,0.141
answer,dot_6,18,0.106,0.13
s1,dot_6,18,0.113,0.094
s2,dot_6,18,0.114,0.112
answer,dot_6,19,0.102,0.122
s1,dot_6,19,0.105,0.071
s2,dot_6,19,0.091,0.102
answer,dot_6,20,0.103,0.114
s1,dot_6,20,0.111,0.082
s2,dot_6,20,0.103,0.108
answer,dot_6,21,0.108,0.108
s1,dot_6,21,0.127,0.075
s2,dot_6,21,0.106,0.126
answer,dot_6,22,0.11,0.102
s1,dot_6,22,0.109,0.069
s2,dot_6,22,0.102,0.132
answer,dot_6,23,0.109,0.118
s1,dot_6,23,0.137,0.095
s2,dot_6,23,0.097,0.12
answer,dot_6,24,0.113,0.118
s1,dot_6,24,0.077,0.09
s2,dot_6,24,0.147,0.146
answer,dot_6,25,0.111,0.102
s1,dot_6,25,0.075,0.101
s2,dot_6,25,0.12,0.107
answer,dot_6,26,0.088,0.101
s1,dot_6,26,0.064,0.089
s2,dot_6,26,0.101,0.109
answer,dot_6,27,0.073,0.114
s1,dot_6,27,0.082,0.109
s2,dot_6,27,0.094,0.124
answer,dot_6,28,0.06,0.078
s1,dot_6,28,0.064,0.086
s2,dot_6,28,0.078,0.105
answer,dot_7,0,0.029,0.029
s1,dot_7,0,0.105,0.105
s2,dot_7,0,0.003,0.003
answer,dot_7,1,0.084,0.091
s1,dot_7,1,0.106,0.096
s2,dot_7,1,0.084,0.095
answer,dot_7,2,0.111,0.093
s1,dot_7,2,0.11,0.085
s2,dot_7,2,0.096,0.12
answer,dot_7,3,0.113,0.139
s1,dot_7,3,0.081,0.093
s2,dot_7,3,0.125,0.155
answer,dot_7,4,0.13,0.144
s1,dot_7,4,0.079,0.063
s2,dot_7,4,0.128,0.181
answer,dot_7,5,0.105,0.137
s1,dot_7,5,0.081,0.088
s2,dot_7,5,0.1,0.127
answer,dot_7,6,0.096,0.12
s1,dot_7,6,0.088,0.072
s2,dot_7,6,0.105,0.113
answer,dot_7,7,0.097,0.109
s1,dot_7,7,0.088,0.08
s2,dot_7,7,0.085,0.12
answer,dot_7,8,0.101,0.104
s1,dot_7,8,0.101,0.079
s2,dot_7,8,0.098,0.112
answer,dot_7,9,0.109,0.107
s1,dot_7,9,0.082,0.086
s2,dot_7,9,0.101,0.112
answer,dot_7,10,0.124,0.121
s1,dot_7,10,0.118,0.078
s2,dot_7,10,0.119,0.107
answer,dot_7,11,0.146,0.15
s1,dot_7,11,0.086,0.087
s2,dot_7,11,0.171,0.144
answer,dot_7,12,0.122,0.113
s1,dot_7,12,0.105,0.091
s2,dot_7,12,0.127,0.106
answer,dot_7,13,0.105,0.086
s1,dot_7,13,0.149,0.108
s2,dot_7,13,0.093,0.085
answer,dot_7,14,0.085,0.083
s1,dot_7,14,0.114,0.093
s2,dot_7,14,0.077,0.071
answer,dot_7,15,0.072,0.074
s1,dot_7,15,0.087,0.099
s2,dot_7,15,0.075,0.07
answer,dot_7,16,0.083,0.087
s1,dot_7,16,0.072,0.075
s2,dot_7,16,0.097,0.084
answer,dot_7,17,0.079,0.085
s1,dot_7,17,0.082,0.076
s2,dot_7,17,0.097,0.082
answer,dot_7,18,0.078,0.095
s1,dot_7,18,0.08,0.092
s2,dot_7,18,0.078,0.082
answer,dot_7,19,0.076,0.081
s1,dot_7,19,0.091,0.067
s2,dot_7,19,0.071,0.08
answer,dot_7,20,0.102,0.101
s1,dot_7,20,0.083,0.072
s2,dot_7,20,0.085,0.096
answer,dot_7,21,0.094,0.085
s1,dot_7,21,0.098,0.074
s2,dot_7,21,0.081,0.093
answer,dot_7,22,0.113,0.091
s1,dot_7,22,0.104,0.07
s2,dot_7,22,0.086,0.106
answer,dot_7,23,0.095,0.086
s1,dot_7,23,0.107,0.087
s2,dot_7,23,0.076,0.091
answer,dot_7,24,0.084,0.081
s1,dot_7,24,0.062,0.09
s2,dot_7,24,0.073,0.077
answer,dot_7,25,0.097,0.071
s1,dot_7,25,0.09,0.105
s2,dot_7,25,0.092,0.079
answer,dot_7,26,0.077,0.079
s1,dot_7,26,0.079,0.114
s2,dot_7,26,0.073,0.056
answer,dot_7,27,0.082,0.081
s1,dot_7,27,0.072,0.1
s2,dot_7,27,0.09,0.058
answer,dot_7,28,0.103,0.1
s1,dot_7,28,0.067,0.079
s2,dot_7,28,0.108,0.113
answer,dot_8,0,0.029,0.029
s1,dot_8,0,0.105,0.105
s2,dot_8,0,0.003,0.003
answer,dot_8,1,0.088,0.095
s1,dot_8,1,0.097,0.107
s2,dot_8,1,0.084,0.098
answer,dot_8,2,0.164,0.157
s1,dot_8,2,0.08,0.075
s2,dot_8,2,0.153,0.174
answer,dot_8,3,0.136,0.144
s1,dot_8,3,0.083,0.089
s2,dot_8,3,0.141,0.164
answer,dot_8,4,0.135,0.16
s1,dot_8,4,0.095,0.089
s2,dot_8,4,0.135,0.17
answer,dot_8,5,0.099,0.127
s1,dot_8,5,0.08,0.086
s2,dot_8,5,0.096,0.135
answer,dot_8,6,0.096,0.112
s1,dot_8,6,0.085,0.086
s2,dot_8,6,0.101,0.133
answer,dot_8,7,0.125,0.111
s1,dot_8,7,0.09,0.101
s2,dot_8,7,0.113,0.125
answer,dot_8,8,0.106,0.107
s1,dot_8,8,0.108,0.106
s2,dot_8,8,0.096,0.121
answer,dot_8,9,0.12,0.131
s1,dot_8,9,0.099,0.071
s2,dot_8,9,0.121,0.14
answer,dot_8,10,0.095,0.11
s1,dot_8,10,0.118,0.114
s2,dot_8,10,0.091,0.115
answer,dot_8,11,0.115,0.117
s1,dot_8,11,0.081,0.076
s2,dot_8,11,0.126,0.125
answer,dot_8,12,0.111,0.145
s1,dot_8,12,0.078,0.096
s2,dot_8,12,0.137,0.134
answer,dot_8,13,0.101,0.097
s1,dot_8,13,0.113,0.105
s2,dot_8,13,0.12,0.086
answer,dot_8,14,0.095,0.094
s1,dot_8,14,0.095,0.091
s2,dot_8,14,0.084,0.095
answer,dot_8,15,0.121,0.097
s1,dot_8,15,0.084,0.089
s2,dot_8,15,0.119,0.111
answer,dot_8,16,0.095,0.087
s1,dot_8,16,0.056,0.066
s2,dot_8,16,0.094,0.115
answer,dot_8,17,0.097,0.108
s1,dot_8,17,0.081,0.059
s2,dot_8,17,0.092,0.151
answer,dot_8,18,0.072,0.095
s1,dot_8,18,0.114,0.09
s2,dot_8,18,0.056,0.114
answer,dot_8,19,0.052,0.099
s1,dot_8,19,0.108,0.088
s2,dot_8,19,0.064,0.082
answer,dot_8,20,0.1,0.109
s1,dot_8,20,0.115,0.103
s2,dot_8,20,0.111,0.116
answer,dot_8,21,0.095,0.106
s1,dot_8,21,0.081,0.091
s2,dot_8,21,0.099,0.117
answer,dot_8,22,0.085,0.111
s1,dot_8,22,0.102,0.081
s2,dot_8,22,0.081,0.129
answer,dot_8,23,0.073,0.113
s1,dot_8,23,0.095,0.087
s2,dot_8,23,0.082,0.134
answer,dot_8,24,0.07,0.133
s1,dot_8,24,0.055,0.094
s2,dot_8,24,0.1,0.147
answer,dot_8,25,0.067,0.126
s1,dot_8,25,0.057,0.092
s2,dot_8,25,0.091,0.135
answer,dot_8,26,0.053,0.14
s1,dot_8,26,0.037,0.104
s2,dot_8,26,0.079,0.14
answer,dot_8,27,0.061,0.124
s1,dot_8,27,0.07,0.088
s2,dot_8,27,0.095,0.12
answer,dot_8,28,0.085,0.103
s1,dot_8,28,0.064,0.075
s2,dot_8,28,0.103,0.128
answer,dot_9,0,0.029,0.029
s1,dot_9,0,0.105,0.105
s2,dot_9,0,0.003,0.003
answer,dot_9,1,0.081,0.109
s1,dot_9,1,0.084,0.096
s2,dot_9,1,0.091,0.092
answer,dot_9,2,0.088,0.096
s1,dot_9,2,0.112,0.117
s2,dot_9,2,0.066,0.082
answer,dot_9,3,0.096,0.105
s1,dot_9,3,0.096,0.104
s2,dot_9,3,0.092,0.121
answer,dot_9,4,0.11,0.125
s1,dot_9,4,0.092,0.081
s2,dot_9,4,0.089,0.141
answer,dot_9,5,0.088,0.124
s1,dot_9,5,0.085,0.092
s2,dot_9,5,0.087,0.129
answer,dot_9,6,0.084,0.112
s1,dot_9,6,0.112,0.077
s2,dot_9,6,0.09,0.114
answer,dot_9,7,0.12,0.11
s1,dot_9,7,0.112,0.092
s2,dot_9,7,0.111,0.107
answer,dot_9,8,0.121,0.117
s1,dot_9,8,0.109,0.08
s2,dot_9,8,0.101,0.125
answer,dot_9,9,0.111,0.114
s1,dot_9,9,0.089,0.087
s2,dot_9,9,0.109,0.111
answer,dot_9,10,0.096,0.112
s1,dot_9,10,0.117,0.105
s2,dot_9,10,0.101,0.108
answer,dot_9,11,0.1,0.117
s1,dot_9,11,0.095,0.083
s2,dot_9,11,0.108,0.099
answer,dot_9,12,0.13,0.154
s1,dot_9,12,0.078,0.093
s2,dot_9,12,0.16,0.142
answer,dot_9,13,0.11,0.108
s1,dot_9,13,0.136,0.116
s2,dot_9,13,0.112,0.097
answer,dot_9,14,0.151,0.127
s1,dot_9,14,0.112,0.09
s2,dot_9,14,0.142,0.15
answer,dot_9,15,0.134,0.11
s1,dot_9,15,0.125,0.076
s2,dot_9,15,0.11,0.117
answer,dot_9,16,0.122,0.097
s1,dot_9,16,0.111,0.06
s2,dot_9,16,0.095,0.12
answer,dot_9,17,0.119,0.093
s1,dot_9,17,0.13,0.082
s2,dot_9,17,0.078,0.105
answer,dot_9,18,0.111,0.111
s1,dot_9,18,0.127,0.073
s2,dot_9,18,0.085,0.126
answer,dot_9,19,0.103,0.125
s1,dot_9,19,0.137,0.083
s2,dot_9,19,0.094,0.152
answer,dot_9,20,0.113,0.109
s1,dot_9,20,0.121,0.088
s2,dot_9,20,0.087,0.13
answer,dot_9,21,0.099,0.09
s1,dot_9,21,0.099,0.082
s2,dot_9,21,0.075,0.089
answer,dot_9,22,0.081,0.08
s1,dot_9,22,0.13,0.067
s2,dot_9,22,0.066,0.093
answer,dot_9,23,0.076,0.098
s1,dot_9,23,0.1,0.078
s2,dot_9,23,0.07,0.11
answer,dot_9,24,0.07,0.139
s1,dot_9,24,0.072,0.076
s2,dot_9,24,0.089,0.14
answer,dot_9,25,0.056,0.134
s1,dot_9,25,0.088,0.083
s2,dot_9,25,0.074,0.136
answer,dot_9,26,0.069,0.158
s1,dot_9,26,0.057,0.093
s2,dot_9,26,0.098,0.158
answer,dot_9,27,0.069,0.117
s1,dot_9,27,0.093,0.092
s2,dot_9,27,0.079,0.118
answer,dot_9,28,0.06,0.091
s1,dot_9,28,0.075,0.081
s2,dot_9,28,0.069,0.104
answer,dot_10,0,0.029,0.029
s1,dot_10,0,0.105,0.105
s2,dot_10,0,0.003,0.003
answer,dot_10,1,0.104,0.094
s1,dot_10,1,0.075,0.102
s2,dot_10,1,0.11,0.09
answer,dot_10,2,0.114,0.101
s1,dot_10,2,0.093,0.107
s2,dot_10,2,0.104,0.108
answer,dot_10,3,0.075,0.098
s1,dot_10,3,0.121,0.116
s2,dot_10,3,0.074,0.095
answer,dot_10,4,0.099,0.116
s1,dot_10,4,0.104,0.09
s2,dot_10,4,0.097,0.134
answer,dot_10,5,0.091,0.094
s1,dot_10,5,0.094,0.084
s2,dot_10,5,0.101,0.113
answer,dot_10,6,0.094,0.101
s1,dot_10,6,0.1,0.08
s2,dot_10,6,0.081,0.112
answer,dot_10,7,0.134,0.108
s1,dot_10,7,0.079,0.086
s2,dot_10,7,0.114,0.124
answer,dot_10,8,0.103,0.107
s1,dot_10,8,0.094,0.092
s2,dot_10,8,0.108,0.103
answer,dot_10,9,0.116,0.109
s1,dot_10,9,0.091,0.099
s2,dot_10,9,0.105,0.11
answer,dot_10,10,0.095,0.102
s1,dot_10,10,0.113,0.105
s2,dot_10,10,0.087,0.102
answer,dot_10,11,0.105,0.101
s1,dot_10,11,0.107,0.089
s2,dot_10,11,0.103,0.121
answer,dot_10,12,0.144,0.175
s1,dot_10,12,0.079,0.088
s2,dot_10,12,0.175,0.158
answer,dot_10,13,0.143,0.14
s1,dot_10,13,0.127,0.111
s2,dot_10,13,0.159,0.129
answer,dot_10,14,0.139,0.138
s1,dot_10,14,0.114,0.097
s2,dot_10,14,0.125,0.14
answer,dot_10,15,0.134,0.117
s1,dot_10,15,0.107,0.07
s2,dot_10,15,0.12,0.121
answer,dot_10,16,0.117,0.107
s1,dot_10,16,0.143,0.072
s2,dot_10,16,0.092,0.112
answer,dot_10,17,0.13,0.113
s1,dot_10,17,0.134,0.074
s2,dot_10,17,0.093,0.13
answer,dot_10,18,0.119,0.102
s1,dot_10,18,0.133,0.075
s2,dot_10,18,0.092,0.134
answer,dot_10,19,0.096,0.101
s1,dot_10,19,0.14,0.075
s2,dot_10,19,0.068,0.116
answer,dot_10,20,0.091,0.113
s1,dot_10,20,0.152,0.089
s2,dot_10,20,0.064,0.105
answer,dot_10,21,0.087,0.084
s1,dot_10,21,0.136,0.103
s2,dot_10,21,0.048,0.083
answer,dot_10,22,0.079,0.084
s1,dot_10,22,0.11,0.087
s2,dot_10,22,0.062,0.087
answer,dot_10,23,0.102,0.093
s1,dot_10,23,0.121,0.084
s2,dot_10,23,0.083,0.107
answer,dot_10,24,0.08,0.117
s1,dot_10,24,0.075,0.069
s2,dot_10,24,0.104,0.123
answer,dot_10,25,0.084,0.11
s1,dot_10,25,0.086,0.08
s2,dot_10,25,0.105,0.123
answer,dot_10,26,0.085,0.128
s1,dot_10,26,0.067,0.095
s2,dot_10,26,0.116,0.142
answer,dot_10,27,0.082,0.112
s1,dot_10,27,0.091,0.084
s2,dot_10,27,0.09,0.118
answer,dot_10,28,0.1,0.102
s1,dot_10,28,0.059,0.08
s2,dot_10,28,0.112,0.114
answer,dot_11,0,0.029,0.029
s1,dot_11,0,0.105,0.105
s2,dot_11,0,0.003,0.003
answer,dot_11,1,0.079,0.09
s1,dot_11,1,0.07,0.067
s2,dot_11,1,0.077,0.073
answer,dot_11,2,0.081,0.088
s1,dot_11,2,0.099,0.079
s2,dot_11,2,0.063,0.071
answer,dot_11,3,0.087,0.11
s1,dot_11,3,0.094,0.083
s2,dot_11,3,0.081,0.104
answer,dot_11,4,0.075,0.093
s1,dot_11,4,0.091,0.083
s2,dot_11,4,0.074,0.111
answer,dot_11,5,0.108,0.122
s1,dot_11,5,0.085,0.078
s2,dot_11,5,0.103,0.148
answer,dot_11,6,0.083,0.113
s1,dot_11,6,0.106,0.08
s2,dot_11,6,0.086,0.125
answer,dot_11,7,0.121,0.115
s1,dot_11,7,0.098,0.096
s2,dot_11,7,0.113,0.116
answer,dot_11,8,0.108,0.087
s1,dot_11,8,0.092,0.083
s2,dot_11,8,0.112,0.106
answer,dot_11,9,0.126,0.11
s1,dot_11,9,0.097,0.076
s2,dot_11,9,0.117,0.119
answer,dot_11,10,0.1,0.104
s1,dot_11,10,0.135,0.095
s2,dot_11,10,0.086,0.087
answer,dot_11,11,0.079,0.096
s1,dot_11,11,0.117,0.076
s2,dot_11,11,0.086,0.106
answer,dot_11,12,0.062,0.064
s1,dot_11,12,0.119,0.098
s2,dot_11,12,0.041,0.054
answer,dot_11,13,0.072,0.079
s1,dot_11,13,0.117,0.076
s2,dot_11,13,0.071,0.068
answer,dot_11,14,0.125,0.105
s1,dot_11,14,0.087,0.072
s2,dot_11,14,0.143,0.116
answer,dot_11,15,0.077,0.085
s1,dot_11,15,0.074,0.1
s2,dot_11,15,0.096,0.085
answer,dot_11,16,0.087,0.095
s1,dot_11,16,0.084,0.085
s2,dot_11,16,0.087,0.092
answer,dot_11,17,0.064,0.067
s1,dot_11,17,0.068,0.098
s2,dot_11,17,0.062,0.071
answer,dot_11,18,0.095,0.106
s1,dot_11,18,0.099,0.084
s2,dot_11,18,0.091,0.113
answer,dot_11,19,0.11,0.115
s1,dot_11,19,0.093,0.097
s2,dot_11,19,0.113,0.128
answer,dot_11,20,0.1,0.106
s1,dot_11,20,0.117,0.098
s2,dot_11,20,0.084,0.107
answer,dot_11,21,0.127,0.132
s1,dot_11,21,0.13,0.087
s2,dot_11,21,0.117,0.132
answer,dot_11,22,0.113,0.118
s1,dot_11,22,0.133,0.081
s2,dot_11,22,0.083,0.132
answer,dot_11,23,0.084,0.1
s1,dot_11,23,0.094,0.088
s2,dot_11,23,0.074,0.106
answer,dot_11,24,0.081,0.11
s1,dot_11,24,0.071,0.079
s2,dot_11,24,0.079,0.106
answer,dot_11,25,0.068,0.082
s1,dot_11,25,0.068,0.078
s2,dot_11,25,0.062,0.09
answer,dot_11,26,0.069,0.105
s1,dot_11,26,0.068,0.091
s2,dot_11,26,0.084,0.102
answer,dot_11,27,0.076,0.084
s1,dot_11,27,0.083,0.09
s2,dot_11,27,0.07,0.087
answer,dot_11,28,0.073,0.111
s1,dot_11,28,0.091,0.084
s2,dot_11,28,0.08,0.119
answer,dot_12,0,0.029,0.029
s1,dot_12,0,0.105,0.105
s2,dot_12,0,0.003,0.003
answer,dot_12,1,0.142,0.1
s1,dot_12,1,0.067,0.067
s2,dot_12,1,0.134,0.114
answer,dot_12,2,0.109,0.087
s1,dot_12,2,0.083,0.082
s2,dot_12,2,0.088,0.084
answer,dot_12,3,0.097,0.102
s1,dot_12,3,0.071,0.08
s2,dot_12,3,0.107,0.098
answer,dot_12,4,0.092,0.087
s1,dot_12,4,0.072,0.074
s2,dot_12,4,0.085,0.098
answer,dot_12,5,0.109,0.134
s1,dot_12,5,0.071,0.085
s2,dot_12,5,0.109,0.13
answer,dot_12,6,0.065,0.102
s1,dot_12,6,0.071,0.074
s2,dot_12,6,0.067,0.1
answer,dot_12,7,0.116,0.091
s1,dot_12,7,0.085,0.081
s2,dot_12,7,0.093,0.093
answer,dot_12,8,0.115,0.093
s1,dot_12,8,0.08,0.096
s2,dot_12,8,0.106,0.098
answer,dot_12,9,0.112,0.12
s1,dot_12,9,0.116,0.083
s2,dot_12,9,0.1,0.11
answer,dot_12,10,0.107,0.108
s1,dot_12,10,0.114,0.088
s2,dot_12,10,0.096,0.092
answer,dot_12,11,0.113,0.106
s1,dot_12,11,0.111,0.079
s2,dot_12,11,0.117,0.108
answer,dot_12,12,0.076,0.082
s1,dot_12,12,0.111,0.105
s2,dot_12,12,0.075,0.08
answer,dot_12,13,0.096,0.093
s1,dot_12,13,0.117,0.108
s2,dot_12,13,0.092,0.088
answer,dot_12,14,0.144,0.125
s1,dot_12,14,0.095,0.11
s2,dot_12,14,0.135,0.115
answer,dot_12,15,0.131,0.118
s1,dot_12,15,0.098,0.089
s2,dot_12,15,0.136,0.126
answer,dot_12,16,0.148,0.116
s1,dot_12,16,0.092,0.103
s2,dot_12,16,0.158,0.146
answer,dot_12,17,0.124,0.123
s1,dot_12,17,0.115,0.111
s2,dot_12,17,0.143,0.133
answer,dot_12,18,0.102,0.088
s1,dot_12,18,0.116,0.108
s2,dot_12,18,0.104,0.089
answer,dot_12,19,0.075,0.1
s1,dot_12,19,0.117,0.096
s2,dot_12,19,0.069,0.078
answer,dot_12,20,0.094,0.092
s1,dot_12,20,0.116,0.08
s2,dot_12,20,0.078,0.089
answer,dot_12,21,0.089,0.088
s1,dot_12,21,0.126,0.101
s2,dot_12,21,0.054,0.077
answer,dot_12,22,0.128,0.115
s1,dot_12,22,0.097,0.1
s2,dot_12,22,0.103,0.12
answer,dot_12,23,0.118,0.104
s1,dot_12,23,0.09,0.077
s2,dot_12,23,0.093,0.117
answer,dot_12,24,0.105,0.104
s1,dot_12,24,0.055,0.08
s2,dot_12,24,0.118,0.121
answer,dot_12,25,0.079,0.077
s1,dot_12,25,0.071,0.089
s2,dot_12,25,0.077,0.081
answer,dot_12,26,0.088,0.114
s1,dot_12,26,0.076,0.098
s2,dot_12,26,0.096,0.106
answer,dot_12,27,0.066,0.096
s1,dot_12,27,0.082,0.095
s2,dot_12,27,0.077,0.074
answer,dot_12,28,0.11,0.15
s1,dot_12,28,0.103,0.075
s2,dot_12,28,0.125,0.203
answer,dot_13,0,0.029,0.029
s1,dot_13,0,0.105,0.105
s2,dot_13,0,0.003,0.003
answer,dot_13,1,0.103,0.087
s1,dot_13,1,0.046,0.09
s2,dot_13,1,0.116,0.1
answer,dot_13,2,0.128,0.122
s1,dot_13,2,0.058,0.106
s2,dot_13,2,0.117,0.114
answer,dot_13,3,0.098,0.108
s1,dot_13,3,0.074,0.094
s2,dot_13,3,0.085,0.109
answer,dot_13,4,0.09,0.1
s1,dot_13,4,0.095,0.072
s2,dot_13,4,0.094,0.111
answer,dot_13,5,0.102,0.106
s1,dot_13,5,0.074,0.085
s2,dot_13,5,0.091,0.107
answer,dot_13,6,0.099,0.108
s1,dot_13,6,0.097,0.072
s2,dot_13,6,0.087,0.118
answer,dot_13,7,0.122,0.098
s1,dot_13,7,0.094,0.089
s2,dot_13,7,0.098,0.112
answer,dot_13,8,0.107,0.091
s1,dot_13,8,0.1,0.087
s2,dot_13,8,0.092,0.109
answer,dot_13,9,0.113,0.105
s1,dot_13,9,0.113,0.086
s2,dot_13,9,0.096,0.116
answer,dot_13,10,0.103,0.122
s1,dot_13,10,0.108,0.088
s2,dot_13,10,0.087,0.09
answer,dot_13,11,0.109,0.137
s1,dot_13,11,0.109,0.085
s2,dot_13,11,0.123,0.108
answer,dot_13,12,0.134,0.122
s1,dot_13,12,0.098,0.089
s2,dot_13,12,0.139,0.119
answer,dot_13,13,0.13,0.11
s1,dot_13,13,0.123,0.083
s2,dot_13,13,0.117,0.098
answer,dot_13,14,0.128,0.118
s1,dot_13,14,0.087,0.084
s2,dot_13,14,0.132,0.139
answer,dot_13,15,0.136,0.129
s1,dot_13,15,0.083,0.07
s2,dot_13,15,0.163,0.153
answer,dot_13,16,0.111,0.112
s1,dot_13,16,0.075,0.081
s2,dot_13,16,0.133,0.126
answer,dot_13,17,0.147,0.141
s1,dot_13,17,0.097,0.063
s2,dot_13,17,0.155,0.162
answer,dot_13,18,0.115,0.12
s1,dot_13,18,0.122,0.075
s2,dot_13,18,0.12,0.124
answer,dot_13,19,0.103,0.129
s1,dot_13,19,0.112,0.082
s2,dot_13,19,0.11,0.127
answer,dot_13,20,0.111,0.102
s1,dot_13,20,0.094,0.086
s2,dot_13,20,0.115,0.105
answer,dot_13,21,0.105,0.102
s1,dot_13,21,0.088,0.095
s2,dot_13,21,0.095,0.098
answer,dot_13,22,0.114,0.104
s1,dot_13,22,0.087,0.087
s2,dot_13,22,0.1,0.103
answer,dot_13,23,0.139,0.143
s1,dot_13,23,0.081,0.063
s2,dot_13,23,0.144,0.126
answer,dot_13,24,0.096,0.116
s1,dot_13,24,0.088,0.084
s2,dot_13,24,0.102,0.113
answer,dot_13,25,0.082,0.094
s1,dot_13,25,0.104,0.081
s2,dot_13,25,0.094,0.098
answer,dot_13,26,0.077,0.097
s1,dot_13,26,0.113,0.108
s2,dot_13,26,0.071,0.088
answer,dot_13,27,0.07,0.077
s1,dot_13,27,0.068,0.089
s2,dot_13,27,0.061,0.068
answer,dot_13,28,0.136,0.162
s1,dot_13,28,0.108,0.073
s2,dot_13,28,0.151,0.208
answer,dot_14,0,0.029,0.029
s1,dot_14,0,0.105,0.105
s2,dot_14,0,0.003,0.003
answer,dot_14,1,0.132,0.143
s1,dot_14,1,0.039,0.047
s2,dot_14,1,0.165,0.184
answer,dot_14,2,0.139,0.142
s1,dot_14,2,0.099,0.071
s2,dot_14,2,0.14,0.178
answer,dot_14,3,0.139,0.144
s1,dot_14,3,0.086,0.073
s2,dot_14,3,0.145,0.181
answer,dot_14,4,0.132,0.149
s1,dot_14,4,0.094,0.066
s2,dot_14,4,0.134,0.173
answer,dot_14,5,0.123,0.127
s1,dot_14,5,0.092,0.094
s2,dot_14,5,0.107,0.143
answer,dot_14,6,0.113,0.113
s1,dot_14,6,0.099,0.075
s2,dot_14,6,0.098,0.125
answer,dot_14,7,0.122,0.118
s1,dot_14,7,0.099,0.098
s2,dot_14,7,0.101,0.116
answer,dot_14,8,0.124,0.11
s1,dot_14,8,0.098,0.092
s2,dot_14,8,0.097,0.116
answer,dot_14,9,0.13,0.131
s1,dot_14,9,0.125,0.093
s2,dot_14,9,0.105,0.111
answer,dot_14,10,0.101,0.109
s1,dot_14,10,0.134,0.094
s2,dot_14,10,0.076,0.098
answer,dot_14,11,0.11,0.109
s1,dot_14,11,0.102,0.084
s2,dot_14,11,0.095,0.096
answer,dot_14,12,0.116,0.135
s1,dot_14,12,0.081,0.089
s2,dot_14,12,0.114,0.12
answer,dot_14,13,0.101,0.109
s1,dot_14,13,0.104,0.093
s2,dot_14,13,0.078,0.089
answer,dot_14,14,0.088,0.097
s1,dot_14,14,0.098,0.094
s2,dot_14,14,0.087,0.097
answer,dot_14,15,0.098,0.103
s1,dot_14,15,0.092,0.085
s2,dot_14,15,0.08,0.096
answer,dot_14,16,0.115,0.143
s1,dot_14,16,0.097,0.079
s2,dot_14,16,0.116,0.144
answer,dot_14,17,0.105,0.114
s1,dot_14,17,0.12,0.089
s2,dot_14,17,0.086,0.119
answer,dot_14,18,0.105,0.116
s1,dot_14,18,0.114,0.088
s2,dot_14,18,0.082,0.13
answer,dot_14,19,0.091,0.115
s1,dot_14,19,0.107,0.092
s2,dot_14,19,0.084,0.111
answer,dot_14,20,0.084,0.103
s1,dot_14,20,0.1,0.085
s2,dot_14,20,0.075,0.102
answer,dot_14,21,0.093,0.088
s1,dot_14,21,0.082,0.09
s2,dot_14,21,0.074,0.095
answer,dot_14,22,0.114,0.113
s1,dot_14,22,0.056,0.075
s2,dot_14,22,0.106,0.113
answer,dot_14,23,0.14,0.124
s1,dot_14,23,0.08,0.092
s2,dot_14,23,0.123,0.143
answer,dot_14,24,0.082,0.083
s1,dot_14,24,0.057,0.098
s2,dot_14,24,0.082,0.094
answer,dot_14,25,0.068,0.091
s1,dot_14,25,0.063,0.103
s2,dot_14,25,0.063,0.09
answer,dot_14,26,0.054,0.09
s1,dot_14,26,0.049,0.111
s2,dot_14,26,0.047,0.073
answer,dot_14,27,0.063,0.081
s1,dot_14,27,0.073,0.1
s2,dot_14,27,0.066,0.074
answer,dot_14,28,0.134,0.146
s1,dot_14,28,0.073,0.066
s2,dot_14,28,0.158,0.193
answer,dot_15,0,0.029,0.029
s1,dot_15,0,0.105,0.105
s2,dot_15,0,0.003,0.003
answer,dot_15,1,0.077,0.101
s1,dot_15,1,0.072,0.063
s2,dot_15,1,0.084,0.114
answer,dot_15,2,0.09,0.099
s1,dot_15,2,0.103,0.085
s2,dot_15,2,0.094,0.118
answer,dot_15,3,0.121,0.145
s1,dot_15,3,0.079,0.084
s2,dot_15,3,0.137,0.178
answer,dot_15,4,0.135,0.16
s1,dot_15,4,0.102,0.078
s2,dot_15,4,0.139,0.19
answer,dot_15,5,0.105,0.144
s1,dot_15,5,0.108,0.078
s2,dot_15,5,0.094,0.149
answer,dot_15,6,0.087,0.114
s1,dot_15,6,0.108,0.076
s2,dot_15,6,0.088,0.134
answer,dot_15,7,0.128,0.133
s1,dot_15,7,0.104,0.075
s2,dot_15,7,0.117,0.128
answer,dot_15,8,0.114,0.111
s1,dot_15,8,0.113,0.078
s2,dot_15,8,0.1,0.111
answer,dot_15,9,0.111,0.11
s1,dot_15,9,0.119,0.085
s2,dot_15,9,0.108,0.119
answer,dot_15,10,0.086,0.114
s1,dot_15,10,0.131,0.101
s2,dot_15,10,0.09,0.099
answer,dot_15,11,0.088,0.109
s1,dot_15,11,0.108,0.09
s2,dot_15,11,0.08,0.092
answer,dot_15,12,0.113,0.147
s1,dot_15,12,0.087,0.086
s2,dot_15,12,0.126,0.15
answer,dot_15,13,0.104,0.103
s1,dot_15,13,0.122,0.097
s2,dot_15,13,0.098,0.103
answer,dot_15,14,0.107,0.116
s1,dot_15,14,0.093,0.093
s2,dot_15,14,0.095,0.108
answer,dot_15,15,0.143,0.153
s1,dot_15,15,0.096,0.076
s2,dot_15,15,0.137,0.148
answer,dot_15,16,0.097,0.14
s1,dot_15,16,0.11,0.074
s2,dot_15,16,0.102,0.133
answer,dot_15,17,0.098,0.117
s1,dot_15,17,0.097,0.1
s2,dot_15,17,0.091,0.122
answer,dot_15,18,0.121,0.146
s1,dot_15,18,0.113,0.085
s2,dot_15,18,0.115,0.146
answer,dot_15,19,0.113,0.15
s1,dot_15,19,0.109,0.076
s2,dot_15,19,0.131,0.155
answer,dot_15,20,0.11,0.107
s1,dot_15,20,0.091,0.092
s2,dot_15,20,0.11,0.105
answer,dot_15,21,0.087,0.089
s1,dot_15,21,0.069,0.075
s2,dot_15,21,0.084,0.084
answer,dot_15,22,0.134,0.104
s1,dot_15,22,0.05,0.082
s2,dot_15,22,0.12,0.107
answer,dot_15,23,0.136,0.12
s1,dot_15,23,0.068,0.099
s2,dot_15,23,0.137,0.135
answer,dot_15,24,0.121,0.133
s1,dot_15,24,0.079,0.084
s2,dot_15,24,0.126,0.151
answer,dot_15,25,0.085,0.107
s1,dot_15,25,0.108,0.097
s2,dot_15,25,0.103,0.098
answer,dot_15,26,0.094,0.092
s1,dot_15,26,0.088,0.099
s2,dot_15,26,0.104,0.103
answer,dot_15,27,0.062,0.072
s1,dot_15,27,0.093,0.094
s2,dot_15,27,0.06,0.075
answer,dot_15,28,0.131,0.141
s1,dot_15,28,0.099,0.085
s2,dot_15,28,0.144,0.192
answer,dot_16,0,0.029,0.029
s1,dot_16,0,0.105,0.105
s2,dot_16,0,0.003,0.003
answer,dot_16,1,0.052,0.078
s1,dot_16,1,0.055,0.069
s2,dot_16,1,0.067,0.077
answer,dot_16,2,0.086,0.092
s1,dot_16,2,0.078,0.087
s2,dot_16,2,0.085,0.086
answer,dot_16,3,0.072,0.107
s1,dot_16,3,0.099,0.089
s2,dot_16,3,0.082,0.101
answer,dot_16,4,0.074,0.102
s1,dot_16,4,0.118,0.098
s2,dot_16,4,0.076,0.129
answer,dot_16,5,0.079,0.127
s1,dot_16,5,0.103,0.09
s2,dot_16,5,0.091,0.115
answer,dot_16,6,0.079,0.114
s1,dot_16,6,0.098,0.081
s2,dot_16,6,0.089,0.128
answer,dot_16,7,0.124,0.133
s1,dot_16,7,0.101,0.087
s2,dot_16,7,0.128,0.148
answer,dot_16,8,0.109,0.103
s1,dot_16,8,0.106,0.097
s2,dot_16,8,0.11,0.124
answer,dot_16,9,0.121,0.128
s1,dot_16,9,0.098,0.081
s2,dot_16,9,0.126,0.16
answer,dot_16,10,0.079,0.112
s1,dot_16,10,0.121,0.095
s2,dot_16,10,0.08,0.091
answer,dot_16,11,0.095,0.098
s1,dot_16,11,0.103,0.094
s2,dot_16,11,0.079,0.096
answer,dot_16,12,0.117,0.133
s1,dot_16,12,0.109,0.082
s2,dot_16,12,0.128,0.151
answer,dot_16,13,0.12,0.115
s1,dot_16,13,0.135,0.102
s2,dot_16,13,0.116,0.11
answer,dot_16,14,0.131,0.135
s1,dot_16,14,0.116,0.079
s2,dot_16,14,0.118,0.127
answer,dot_16,15,0.14,0.144
s1,dot_16,15,0.118,0.087
s2,dot_16,15,0.127,0.144
answer,dot_16,16,0.117,0.134
s1,dot_16,16,0.125,0.063
s2,dot_16,16,0.111,0.141
answer,dot_16,17,0.122,0.121
s1,dot_16,17,0.127,0.091
s2,dot_16,17,0.111,0.125
answer,dot_16,18,0.129,0.119
s1,dot_16,18,0.12,0.079
s2,dot_16,18,0.11,0.152
answer,dot_16,19,0.115,0.109
s1,dot_16,19,0.124,0.078
s2,dot_16,19,0.101,0.116
answer,dot_16,20,0.09,0.103
s1,dot_16,20,0.107,0.085
s2,dot_16,20,0.083,0.094
answer,dot_16,21,0.119,0.111
s1,dot_16,21,0.085,0.082
s2,dot_16,21,0.095,0.106
answer,dot_16,22,0.109,0.105
s1,dot_16,22,0.087,0.085
s2,dot_16,22,0.082,0.119
answer,dot_16,23,0.067,0.075
s1,dot_16,23,0.091,0.091
s2,dot_16,23,0.065,0.091
answer,dot_16,24,0.043,0.125
s1,dot_16,24,0.07,0.099
s2,dot_16,24,0.059,0.127
answer,dot_16,25,0.042,0.121
s1,dot_16,25,0.074,0.106
s2,dot_16,25,0.052,0.118
answer,dot_16,26,0.04,0.088
s1,dot_16,26,0.069,0.11
s2,dot_16,26,0.039,0.107
answer,dot_16,27,0.038,0.078
s1,dot_16,27,0.061,0.086
s2,dot_16,27,0.041,0.101
answer,dot_16,28,0.102,0.13
s1,dot_16,28,0.06,0.065
s2,dot_16,28,0.128,0.175
answer,dot_17,0,0.029,0.029
s1,dot_17,0,0.105,0.105
s2,dot_17,0,0.003,0.003
answer,dot_17,1,0.1,0.109
s1,dot_17,1,0.091,0.054
s2,dot_17,1,0.108,0.1
answer,dot_17,2,0.083,0.079
s1,dot_17,2,0.073,0.084
s2,dot_17,2,0.084,0.07
answer,dot_17,3,0.094,0.102
s1,dot_17,3,0.075,0.093
s2,dot_17,3,0.103,0.103
answer,dot_17,4,0.095,0.122
s1,dot_17,4,0.105,0.081
s2,dot_17,4,0.084,0.107
answer,dot_17,5,0.102,0.104
s1,dot_17,5,0.084,0.083
s2,dot_17,5,0.1,0.107
answer,dot_17,6,0.089,0.104
s1,dot_17,6,0.096,0.087
s2,dot_17,6,0.099,0.115
answer,dot_17,7,0.138,0.119
s1,dot_17,7,0.081,0.093
s2,dot_17,7,0.147,0.162
answer,dot_17,8,0.128,0.11
s1,dot_17,8,0.087,0.083
s2,dot_17,8,0.131,0.128
answer,dot_17,9,0.132,0.101
s1,dot_17,9,0.109,0.101
s2,dot_17,9,0.126,0.139
answer,dot_17,10,0.122,0.114
s1,dot_17,10,0.126,0.105
s2,dot_17,10,0.11,0.12
answer,dot_17,11,0.094,0.105
s1,dot_17,11,0.115,0.078
s2,dot_17,11,0.089,0.102
answer,dot_17,12,0.098,0.107
s1,dot_17,12,0.098,0.093
s2,dot_17,12,0.09,0.082
answer,dot_17,13,0.119,0.113
s1,dot_17,13,0.099,0.09
s2,dot_17,13,0.095,0.086
answer,dot_17,14,0.114,0.097
s1,dot_17,14,0.107,0.095
s2,dot_17,14,0.091,0.084
answer,dot_17,15,0.139,0.135
s1,dot_17,15,0.093,0.084
s2,dot_17,15,0.129,0.107
answer,dot_17,16,0.091,0.091
s1,dot_17,16,0.087,0.072
s2,dot_17,16,0.084,0.073
answer,dot_17,17,0.098,0.108
s1,dot_17,17,0.081,0.085
s2,dot_17,17,0.093,0.101
answer,dot_17,18,0.099,0.099
s1,dot_17,18,0.085,0.089
s2,dot_17,18,0.085,0.111
answer,dot_17,19,0.114,0.105
s1,dot_17,19,0.081,0.094
s2,dot_17,19,0.09,0.123
answer,dot_17,20,0.133,0.117
s1,dot_17,20,0.117,0.098
s2,dot_17,20,0.125,0.14
answer,dot_17,21,0.103,0.098
s1,dot_17,21,0.113,0.104
s2,dot_17,21,0.071,0.093
answer,dot_17,22,0.131,0.107
s1,dot_17,22,0.081,0.074
s2,dot_17,22,0.113,0.122
answer,dot_17,23,0.132,0.106
s1,dot_17,23,0.067,0.076
s2,dot_17,23,0.113,0.109
answer,dot_17,24,0.099,0.123
s1,dot_17,24,0.051,0.078
s2,dot_17,24,0.113,0.128
answer,dot_17,25,0.133,0.133
s1,dot_17,25,0.051,0.087
s2,dot_17,25,0.139,0.147
answer,dot_17,26,0.109,0.115
s1,dot_17,26,0.057,0.078
s2,dot_17,26,0.116,0.126
answer,dot_17,27,0.1,0.121
s1,dot_17,27,0.049,0.067
s2,dot_17,27,0.098,0.131
answer,dot_17,28,0.089,0.131
s1,dot_17,28,0.075,0.069
s2,dot_17,28,0.098,0.174
answer,dot_18,0,0.029,0.029
s1,dot_18,0,0.105,0.105
s2,dot_18,0,0.003,0.003
answer,dot_18,1,0.15,0.137
s1,dot_18,1,0.102,0.067
s2,dot_18,1,0.166,0.155
answer,dot_18,2,0.091,0.084
s1,dot_18,2,0.088,0.081
s2,dot_18,2,0.081,0.074
answer,dot_18,3,0.082,0.11
s1,dot_18,3,0.081,0.095
s2,dot_18,3,0.095,0.095
answer,dot_18,4,0.105,0.112
s1,dot_18,4,0.097,0.088
s2,dot_18,4,0.103,0.112
answer,dot_18,5,0.103,0.099
s1,dot_18,5,0.078,0.083
s2,dot_18,5,0.106,0.093
answer,dot_18,6,0.085,0.099
s1,dot_18,6,0.068,0.081
s2,dot_18,6,0.084,0.094
answer,dot_18,7,0.121,0.106
s1,dot_18,7,0.056,0.091
s2,dot_18,7,0.118,0.14
answer,dot_18,8,0.122,0.111
s1,dot_18,8,0.084,0.078
s2,dot_18,8,0.118,0.122
answer,dot_18,9,0.121,0.125
s1,dot_18,9,0.085,0.103
s2,dot_18,9,0.119,0.138
answer,dot_18,10,0.108,0.109
s1,dot_18,10,0.119,0.091
s2,dot_18,10,0.088,0.106
answer,dot_18,11,0.101,0.111
s1,dot_18,11,0.122,0.091
s2,dot_18,11,0.105,0.107
answer,dot_18,12,0.064,0.089
s1,dot_18,12,0.112,0.114
s2,dot_18,12,0.068,0.075
answer,dot_18,13,0.092,0.086
s1,dot_18,13,0.101,0.097
s2,dot_18,13,0.088,0.085
answer,dot_18,14,0.112,0.093
s1,dot_18,14,0.098,0.099
s2,dot_18,14,0.124,0.098
answer,dot_18,15,0.104,0.085
s1,dot_18,15,0.089,0.092
s2,dot_18,15,0.11,0.094
answer,dot_18,16,0.095,0.088
s1,dot_18,16,0.077,0.092
s2,dot_18,16,0.089,0.096
answer,dot_18,17,0.099,0.093
s1,dot_18,17,0.079,0.102
s2,dot_18,17,0.084,0.089
answer,dot_18,18,0.091,0.091
s1,dot_18,18,0.095,0.094
s2,dot_18,18,0.07,0.089
answer,dot_18,19,0.093,0.109
s1,dot_18,19,0.091,0.088
s2,dot_18,19,0.095,0.098
answer,dot_18,20,0.101,0.096
s1,dot_18,20,0.108,0.094
s2,dot_18,20,0.086,0.076
answer,dot_18,21,0.086,0.085
s1,dot_18,21,0.1,0.085
s2,dot_18,21,0.054,0.066
answer,dot_18,22,0.107,0.104
s1,dot_18,22,0.077,0.082
s2,dot_18,22,0.074,0.09
answer,dot_18,23,0.114,0.11
s1,dot_18,23,0.08,0.084
s2,dot_18,23,0.075,0.117
answer,dot_18,24,0.101,0.103
s1,dot_18,24,0.082,0.089
s2,dot_18,24,0.088,0.098
answer,dot_18,25,0.129,0.119
s1,dot_18,25,0.084,0.071
s2,dot_18,25,0.099,0.12
answer,dot_18,26,0.09,0.104
s1,dot_18,26,0.093,0.091
s2,dot_18,26,0.08,0.109
answer,dot_18,27,0.089,0.091
s1,dot_18,27,0.058,0.092
s2,dot_18,27,0.069,0.081
answer,dot_18,28,0.068,0.091
s1,dot_18,28,0.086,0.075
s2,dot_18,28,0.056,0.092
answer,dot_19,0,0.029,0.029
s1,dot_19,0,0.105,0.105
s2,dot_19,0,0.003,0.003
answer,dot_19,1,0.074,0.079
s1,dot_19,1,0.105,0.097
s2,dot_19,1,0.06,0.08
answer,dot_19,2,0.096,0.081
s1,dot_19,2,0.103,0.106
s2,dot_19,2,0.082,0.079
answer,dot_19,3,0.102,0.127
s1,dot_19,3,0.076,0.091
s2,dot_19,3,0.103,0.12
answer,dot_19,4,0.101,0.116
s1,dot_19,4,0.096,0.094
s2,dot_19,4,0.099,0.12
answer,dot_19,5,0.111,0.131
s1,dot_19,5,0.09,0.098
s2,dot_19,5,0.104,0.117
answer,dot_19,6,0.086,0.095
s1,dot_19,6,0.09,0.083
s2,dot_19,6,0.075,0.075
answer,dot_19,7,0.132,0.118
s1,dot_19,7,0.079,0.076
s2,dot_19,7,0.114,0.135
answer,dot_19,8,0.126,0.106
s1,dot_19,8,0.087,0.074
s2,dot_19,8,0.121,0.139
answer,dot_19,9,0.118,0.114
s1,dot_19,9,0.088,0.082
s2,dot_19,9,0.121,0.138
answer,dot_19,10,0.108,0.112
s1,dot_19,10,0.121,0.093
s2,dot_19,10,0.095,0.098
answer,dot_19,11,0.117,0.125
s1,dot_19,11,0.107,0.1
s2,dot_19,11,0.131,0.124
answer,dot_19,12,0.118,0.109
s1,dot_19,12,0.093,0.098
s2,dot_19,12,0.111,0.111
answer,dot_19,13,0.119,0.11
s1,dot_19,13,0.103,0.101
s2,dot_19,13,0.102,0.101
answer,dot_19,14,0.124,0.093
s1,dot_19,14,0.077,0.09
s2,dot_19,14,0.136,0.111
answer,dot_19,15,0.145,0.153
s1,dot_19,15,0.076,0.075
s2,dot_19,15,0.159,0.158
answer,dot_19,16,0.109,0.105
s1,dot_19,16,0.113,0.103
s2,dot_19,16,0.107,0.13
answer,dot_19,17,0.114,0.099
s1,dot_19,17,0.118,0.095
s2,dot_19,17,0.112,0.129
answer,dot_19,18,0.103,0.103
s1,dot_19,18,0.125,0.088
s2,dot_19,18,0.089,0.097
answer,dot_19,19,0.119,0.145
s1,dot_19,19,0.104,0.082
s2,dot_19,19,0.13,0.147
answer,dot_19,20,0.105,0.105
s1,dot_19,20,0.1,0.095
s2,dot_19,20,0.098,0.111
answer,dot_19,21,0.092,0.114
s1,dot_19,21,0.09,0.103
s2,dot_19,21,0.075,0.107
answer,dot_19,22,0.095,0.107
s1,dot_19,22,0.09,0.088
s2,dot_19,22,0.085,0.098
answer,dot_19,23,0.133,0.113
s1,dot_19,23,0.087,0.066
s2,dot_19,23,0.109,0.119
answer,dot_19,24,0.131,0.093
s1,dot_19,24,0.074,0.097
s2,dot_19,24,0.127,0.127
answer,dot_19,25,0.151,0.124
s1,dot_19,25,0.074,0.092
s2,dot_19,25,0.153,0.117
answer,dot_19,26,0.109,0.102
s1,dot_19,26,0.067,0.105
s2,dot_19,26,0.106,0.118
answer,dot_19,27,0.095,0.088
s1,dot_19,27,0.069,0.081
s2,dot_19,27,0.106,0.104
answer,dot_19,28,0.111,0.105
s1,dot_19,28,0.066,0.078
s2,dot_19,28,0.12,0.118
answer,dot_20,0,0.029,0.029
s1,dot_20,0,0.105,0.105
s2,dot_20,0,0.003,0.003
answer,dot_20,1,0.111,0.1
s1,dot_20,1,0.088,0.077
s2,dot_20,1,0.099,0.116
answer,dot_20,2,0.145,0.139
s1,dot_20,2,0.101,0.092
s2,dot_20,2,0.157,0.174
answer,dot_20,3,0.138,0.156
s1,dot_20,3,0.084,0.079
s2,dot_20,3,0.159,0.183
answer,dot_20,4,0.134,0.143
s1,dot_20,4,0.112,0.09
s2,dot_20,4,0.135,0.182
answer,dot_20,5,0.123,0.131
s1,dot_20,5,0.096,0.082
s2,dot_20,5,0.11,0.155
answer,dot_20,6,0.131,0.147
s1,dot_20,6,0.105,0.066
s2,dot_20,6,0.135,0.171
answer,dot_20,7,0.119,0.107
s1,dot_20,7,0.105,0.068
s2,dot_20,7,0.12,0.138
answer,dot_20,8,0.105,0.085
s1,dot_20,8,0.099,0.084
s2,dot_20,8,0.088,0.112
answer,dot_20,9,0.12,0.121
s1,dot_20,9,0.131,0.084
s2,dot_20,9,0.114,0.119
answer,dot_20,10,0.089,0.092
s1,dot_20,10,0.14,0.102
s2,dot_20,10,0.072,0.087
answer,dot_20,11,0.109,0.104
s1,dot_20,11,0.119,0.102
s2,dot_20,11,0.104,0.109
answer,dot_20,12,0.107,0.105
s1,dot_20,12,0.097,0.095
s2,dot_20,12,0.105,0.109
answer,dot_20,13,0.102,0.09
s1,dot_20,13,0.102,0.097
s2,dot_20,13,0.096,0.094
answer,dot_20,14,0.133,0.116
s1,dot_20,14,0.091,0.083
s2,dot_20,14,0.137,0.154
answer,dot_20,15,0.096,0.081
s1,dot_20,15,0.061,0.086
s2,dot_20,15,0.104,0.114
answer,dot_20,16,0.12,0.126
s1,dot_20,16,0.09,0.074
s2,dot_20,16,0.126,0.147
answer,dot_20,17,0.108,0.106
s1,dot_20,17,0.117,0.092
s2,dot_20,17,0.109,0.124
answer,dot_20,18,0.098,0.092
s1,dot_20,18,0.113,0.095
s2,dot_20,18,0.087,0.101
answer,dot_20,19,0.088,0.107
s1,dot_20,19,0.111,0.096
s2,dot_20,19,0.084,0.119
answer,dot_20,20,0.102,0.108
s1,dot_20,20,0.085,0.094
s2,dot_20,20,0.1,0.12
answer,dot_20,21,0.101,0.107
s1,dot_20,21,0.084,0.104
s2,dot_20,21,0.102,0.092
answer,dot_20,22,0.107,0.106
s1,dot_20,22,0.068,0.083
s2,dot_20,22,0.108,0.096
answer,dot_20,23,0.119,0.115
s1,dot_20,23,0.059,0.095
s2,dot_20,23,0.106,0.112
answer,dot_20,24,0.09,0.117
s1,dot_20,24,0.065,0.09
s2,dot_20,24,0.099,0.123
answer,dot_20,25,0.1,0.136
s1,dot_20,25,0.059,0.076
s2,dot_20,25,0.1,0.148
answer,dot_20,26,0.064,0.102
s1,dot_20,26,0.079,0.107
s2,dot_20,26,0.065,0.103
answer,dot_20,27,0.062,0.083
s1,dot_20,27,0.072,0.106
s2,dot_20,27,0.058,0.099
answer,dot_20,28,0.079,0.099
s1,dot_20,28,0.048,0.088
s2,dot_20,28,0.085,0.09
answer,dot_21,0,0.029,0.029
s1,dot_21,0,0.105,0.105
s2,dot_21,0,0.003,0.003
answer,dot_21,1,0.071,0.103
s1,dot_21,1,0.091,0.088
s2,dot_21,1,0.06,0.083
answer,dot_21,2,0.13,0.124
s1,dot_21,2,0.094,0.083
s2,dot_21,2,0.129,0.17
answer,dot_21,3,0.111,0.135
s1,dot_21,3,0.104,0.085
s2,dot_21,3,0.119,0.17
answer,dot_21,4,0.129,0.14
s1,dot_21,4,0.114,0.073
s2,dot_21,4,0.123,0.165
answer,dot_21,5,0.096,0.136
s1,dot_21,5,0.107,0.088
s2,dot_21,5,0.081,0.14
answer,dot_21,6,0.079,0.118
s1,dot_21,6,0.109,0.069
s2,dot_21,6,0.076,0.118
answer,dot_21,7,0.11,0.123
s1,dot_21,7,0.109,0.071
s2,dot_21,7,0.104,0.129
answer,dot_21,8,0.11,0.114
s1,dot_21,8,0.094,0.082
s2,dot_21,8,0.122,0.133
answer,dot_21,9,0.126,0.107
s1,dot_21,9,0.115,0.092
s2,dot_21,9,0.119,0.126
answer,dot_21,10,0.097,0.116
s1,dot_21,10,0.116,0.101
s2,dot_21,10,0.095,0.099
answer,dot_21,11,0.098,0.112
s1,dot_21,11,0.115,0.093
s2,dot_21,11,0.091,0.104
answer,dot_21,12,0.105,0.106
s1,dot_21,12,0.113,0.091
s2,dot_21,12,0.101,0.125
answer,dot_21,13,0.11,0.099
s1,dot_21,13,0.12,0.106
s2,dot_21,13,0.102,0.09
answer,dot_21,14,0.124,0.13
s1,dot_21,14,0.112,0.086
s2,dot_21,14,0.124,0.124
answer,dot_21,15,0.123,0.111
s1,dot_21,15,0.11,0.072
s2,dot_21,15,0.117,0.126
answer,dot_21,16,0.114,0.132
s1,dot_21,16,0.103,0.074
s2,dot_21,16,0.123,0.169
answer,dot_21,17,0.095,0.094
s1,dot_21,17,0.11,0.103
s2,dot_21,17,0.102,0.115
answer,dot_21,18,0.088,0.09
s1,dot_21,18,0.124,0.094
s2,dot_21,18,0.087,0.088
answer,dot_21,19,0.094,0.102
s1,dot_21,19,0.099,0.094
s2,dot_21,19,0.085,0.115
answer,dot_21,20,0.099,0.08
s1,dot_21,20,0.087,0.09
s2,dot_21,20,0.091,0.111
answer,dot_21,21,0.084,0.083
s1,dot_21,21,0.095,0.101
s2,dot_21,21,0.07,0.105
answer,dot_21,22,0.084,0.09
s1,dot_21,22,0.065,0.086
s2,dot_21,22,0.1,0.093
answer,dot_21,23,0.132,0.113
s1,dot_21,23,0.072,0.087
s2,dot_21,23,0.136,0.117
answer,dot_21,24,0.101,0.117
s1,dot_21,24,0.054,0.086
s2,dot_21,24,0.118,0.125
answer,dot_21,25,0.125,0.129
s1,dot_21,25,0.058,0.088
s2,dot_21,25,0.135,0.139
answer,dot_21,26,0.08,0.112
s1,dot_21,26,0.058,0.092
s2,dot_21,26,0.079,0.121
answer,dot_21,27,0.085,0.094
s1,dot_21,27,0.053,0.085
s2,dot_21,27,0.104,0.117
answer,dot_21,28,0.089,0.102
s1,dot_21,28,0.063,0.08
s2,dot_21,28,0.103,0.094
answer,dot_22,0,0.029,0.029
s1,dot_22,0,0.105,0.105
s2,dot_22,0,0.003,0.003
answer,dot_22,1,0.091,0.103
s1,dot_22,1,0.106,0.098
s2,dot_22,1,0.1,0.133
answer,dot_22,2,0.069,0.097
s1,dot_22,2,0.094,0.091
s2,dot_22,2,0.078,0.11
answer,dot_22,3,0.05,0.12
s1,dot_22,3,0.091,0.098
s2,dot_22,3,0.072,0.113
answer,dot_22,4,0.081,0.128
s1,dot_22,4,0.116,0.087
s2,dot_22,4,0.086,0.123
answer,dot_22,5,0.082,0.102
s1,dot_22,5,0.107,0.077
s2,dot_22,5,0.079,0.114
answer,dot_22,6,0.078,0.116
s1,dot_22,6,0.11,0.077
s2,dot_22,6,0.077,0.114
answer,dot_22,7,0.1,0.107
s1,dot_22,7,0.093,0.084
s2,dot_22,7,0.103,0.124
answer,dot_22,8,0.109,0.104
s1,dot_22,8,0.101,0.091
s2,dot_22,8,0.11,0.119
answer,dot_22,9,0.103,0.104
s1,dot_22,9,0.114,0.095
s2,dot_22,9,0.106,0.129
answer,dot_22,10,0.086,0.094
s1,dot_22,10,0.131,0.115
s2,dot_22,10,0.089,0.104
answer,dot_22,11,0.105,0.112
s1,dot_22,11,0.122,0.115
s2,dot_22,11,0.097,0.121
answer,dot_22,12,0.126,0.127
s1,dot_22,12,0.103,0.119
s2,dot_22,12,0.122,0.134
answer,dot_22,13,0.127,0.122
s1,dot_22,13,0.1,0.112
s2,dot_22,13,0.103,0.116
answer,dot_22,14,0.116,0.123
s1,dot_22,14,0.111,0.08
s2,dot_22,14,0.102,0.138
answer,dot_22,15,0.109,0.11
s1,dot_22,15,0.115,0.07
s2,dot_22,15,0.106,0.133
answer,dot_22,16,0.123,0.113
s1,dot_22,16,0.1,0.07
s2,dot_22,16,0.119,0.141
answer,dot_22,17,0.102,0.101
s1,dot_22,17,0.1,0.09
s2,dot_22,17,0.094,0.11
answer,dot_22,18,0.079,0.092
s1,dot_22,18,0.12,0.073
s2,dot_22,18,0.069,0.098
answer,dot_22,19,0.108,0.128
s1,dot_22,19,0.112,0.088
s2,dot_22,19,0.108,0.132
answer,dot_22,20,0.115,0.12
s1,dot_22,20,0.091,0.087
s2,dot_22,20,0.119,0.128
answer,dot_22,21,0.091,0.103
s1,dot_22,21,0.1,0.089
s2,dot_22,21,0.083,0.095
answer,dot_22,22,0.134,0.123
s1,dot_22,22,0.075,0.085
s2,dot_22,22,0.115,0.145
answer,dot_22,23,0.116,0.115
s1,dot_22,23,0.088,0.085
s2,dot_22,23,0.109,0.12
answer,dot_22,24,0.117,0.129
s1,dot_22,24,0.059,0.086
s2,dot_22,24,0.112,0.113
answer,dot_22,25,0.158,0.152
s1,dot_22,25,0.078,0.084
s2,dot_22,25,0.156,0.161
answer,dot_22,26,0.104,0.117
s1,dot_22,26,0.086,0.095
s2,dot_22,26,0.08,0.121
answer,dot_22,27,0.091,0.092
s1,dot_22,27,0.073,0.107
s2,dot_22,27,0.079,0.094
answer,dot_22,28,0.083,0.092
s1,dot_22,28,0.074,0.09
s2,dot_22,28,0.075,0.093
answer,dot_23,0,0.029,0.029
s1,dot_23,0,0.105,0.105
s2,dot_23,0,0.003,0.003
answer,dot_23,1,0.063,0.066
s1,dot_23,1,0.079,0.108
s2,dot_23,1,0.055,0.06
answer,dot_23,2,0.063,0.064
s1,dot_23,2,0.084,0.124
s2,dot_23,2,0.05,0.08
answer,dot_23,3,0.09,0.098
s1,dot_23,3,0.082,0.129
s2,dot_23,3,0.09,0.121
answer,dot_23,4,0.091,0.108
s1,dot_23,4,0.092,0.115
s2,dot_23,4,0.09,0.106
answer,dot_23,5,0.083,0.093
s1,dot_23,5,0.077,0.095
s2,dot_23,5,0.076,0.096
answer,dot_23,6,0.074,0.094
s1,dot_23,6,0.096,0.085
s2,dot_23,6,0.082,0.093
answer,dot_23,7,0.107,0.099
s1,dot_23,7,0.105,0.09
s2,dot_23,7,0.112,0.118
answer,dot_23,8,0.106,0.087
s1,dot_23,8,0.112,0.08
s2,dot_23,8,0.103,0.137
answer,dot_23,9,0.092,0.091
s1,dot_23,9,0.118,0.099
s2,dot_23,9,0.086,0.121
answer,dot_23,10,0.103,0.105
s1,dot_23,10,0.136,0.117
s2,dot_23,10,0.094,0.099
answer,dot_23,11,0.097,0.108
s1,dot_23,11,0.122,0.117
s2,dot_23,11,0.083,0.115
answer,dot_23,12,0.117,0.112
s1,dot_23,12,0.11,0.107
s2,dot_23,12,0.118,0.113
answer,dot_23,13,0.125,0.094
s1,dot_23,13,0.129,0.104
s2,dot_23,13,0.094,0.1
answer,dot_23,14,0.107,0.094
s1,dot_23,14,0.106,0.1
s2,dot_23,14,0.094,0.114
answer,dot_23,15,0.125,0.121
s1,dot_23,15,0.108,0.087
s2,dot_23,15,0.109,0.127
answer,dot_23,16,0.099,0.1
s1,dot_23,16,0.104,0.101
s2,dot_23,16,0.093,0.113
answer,dot_23,17,0.086,0.089
s1,dot_23,17,0.102,0.093
s2,dot_23,17,0.08,0.101
answer,dot_23,18,0.113,0.098
s1,dot_23,18,0.107,0.081
s2,dot_23,18,0.104,0.11
answer,dot_23,19,0.111,0.118
s1,dot_23,19,0.103,0.08
s2,dot_23,19,0.111,0.11
answer,dot_23,20,0.125,0.134
s1,dot_23,20,0.111,0.092
s2,dot_23,20,0.118,0.127
answer,dot_23,21,0.093,0.101
s1,dot_23,21,0.096,0.079
s2,dot_23,21,0.096,0.095
answer,dot_23,22,0.15,0.132
s1,dot_23,22,0.074,0.058
s2,dot_23,22,0.136,0.131
answer,dot_23,23,0.145,0.131
s1,dot_23,23,0.07,0.067
s2,dot_23,23,0.132,0.142
answer,dot_23,24,0.134,0.12
s1,dot_23,24,0.07,0.078
s2,dot_23,24,0.136,0.149
answer,dot_23,25,0.186,0.162
s1,dot_23,25,0.046,0.063
s2,dot_23,25,0.193,0.176
answer,dot_23,26,0.125,0.148
s1,dot_23,26,0.055,0.081
s2,dot_23,26,0.141,0.148
answer,dot_23,27,0.126,0.158
s1,dot_23,27,0.052,0.083
s2,dot_23,27,0.158,0.147
answer,dot_23,28,0.109,0.127
s1,dot_23,28,0.078,0.091
s2,dot_23,28,0.121,0.142
answer,dot_24,0,0.067,0.067
s1,dot_24,0,0.136,0.136
s2,dot_24,0,0.028,0.028
answer,dot_24,1,0.124,0.106
s1,dot_24,1,0.097,0.087
s2,dot_24,1,0.102,0.114
answer,dot_24,2,0.08,0.093
s1,dot_24,2,0.089,0.108
s2,dot_24,2,0.071,0.074
answer,dot_24,3,0.087,0.096
s1,dot_24,3,0.099,0.096
s2,dot_24,3,0.09,0.113
answer,dot_24,4,0.112,0.134
s1,dot_24,4,0.091,0.062
s2,dot_24,4,0.11,0.143
answer,dot_24,5,0.089,0.114
s1,dot_24,5,0.083,0.079
s2,dot_24,5,0.092,0.117
answer,dot_24,6,0.084,0.092
s1,dot_24,6,0.087,0.067
s2,dot_24,6,0.078,0.103
answer,dot_24,7,0.077,0.086
s1,dot_24,7,0.077,0.075
s2,dot_24,7,0.081,0.096
answer,dot_24,8,0.1,0.113
s1,dot_24,8,0.083,0.078
s2,dot_24,8,0.119,0.125
answer,dot_24,9,0.093,0.099
s1,dot_24,9,0.099,0.072
s2,dot_24,9,0.079,0.116
answer,dot_24,10,0.123,0.132
s1,dot_24,10,0.103,0.083
s2,dot_24,10,0.129,0.135
answer,dot_24,11,0.144,0.161
s1,dot_24,11,0.104,0.075
s2,dot_24,11,0.162,0.149
answer,dot_24,12,0.121,0.137
s1,dot_24,12,0.08,0.098
s2,dot_24,12,0.117,0.11
answer,dot_24,13,0.123,0.137
s1,dot_24,13,0.08,0.103
s2,dot_24,13,0.135,0.136
answer,dot_24,14,0.117,0.12
s1,dot_24,14,0.102,0.093
s2,dot_24,14,0.097,0.105
answer,dot_24,15,0.124,0.112
s1,dot_24,15,0.105,0.091
s2,dot_24,15,0.112,0.112
answer,dot_24,16,0.132,0.119
s1,dot_24,16,0.108,0.082
s2,dot_24,16,0.123,0.123
answer,dot_24,17,0.127,0.135
s1,dot_24,17,0.084,0.079
s2,dot_24,17,0.135,0.151
answer,dot_24,18,0.204,0.203
s1,dot_24,18,0.088,0.094
s2,dot_24,18,0.229,0.201
answer,dot_24,19,0.157,0.184
s1,dot_24,19,0.071,0.073
s2,dot_24,19,0.196,0.184
answer,dot_24,20,0.129,0.168
s1,dot_24,20,0.049,0.054
s2,dot_24,20,0.157,0.165
answer,dot_24,21,0.19,0.18
s1,dot_24,21,0.028,0.054
s2,dot_24,21,0.213,0.226
answer,dot_24,22,0.14,0.145
s1,dot_24,22,0.03,0.048
s2,dot_24,22,0.177,0.198
answer,dot_24,23,0.133,0.168
s1,dot_24,23,0.069,0.071
s2,dot_24,23,0.177,0.195
answer,dot_24,24,0.054,0.159
s1,dot_24,24,0.078,0.096
s2,dot_24,24,0.077,0.154
answer,dot_24,25,0.058,0.16
s1,dot_24,25,0.086,0.096
s2,dot_24,25,0.072,0.148
answer,dot_24,26,0.049,0.147
s1,dot_24,26,0.041,0.102
s2,dot_24,26,0.074,0.15
answer,dot_24,27,0.049,0.147
s1,dot_24,27,0.041,0.102
s2,dot_24,27,0.074,0.15
answer,dot_24,28,0.049,0.148
s1,dot_24,28,0.042,0.1
s2,dot_24,28,0.074,0.15
answer,final,0,0.521,0.521
s1,final,0,0.009,0.009
s2,final,0,0.619,0.619
answer,final,1,0.065,0.059
s1,final,1,0.094,0.084
s2,final,1,0.053,0.039
answer,final,2,0.106,0.086
s1,final,2,0.071,0.08
s2,final,2,0.128,0.086
answer,final,3,0.119,0.139
s1,final,3,0.097,0.095
s2,final,3,0.119,0.142
answer,final,4,0.107,0.14
s1,final,4,0.101,0.102
s2,final,4,0.091,0.147
answer,final,5,0.069,0.115
s1,final,5,0.106,0.081
s2,final,5,0.075,0.135
answer,final,6,0.058,0.072
s1,final,6,0.092,0.081
s2,final,6,0.077,0.092
answer,final,7,0.102,0.089
s1,final,7,0.077,0.087
s2,final,7,0.096,0.087
answer,final,8,0.092,0.091
s1,final,8,0.096,0.118
s2,final,8,0.1,0.092
answer,final,9,0.092,0.086
s1,final,9,0.122,0.096
s2,final,9,0.096,0.089
answer,final,10,0.138,0.12
s1,final,10,0.071,0.07
s2,final,10,0.138,0.121
answer,final,11,0.103,0.104
s1,final,11,0.107,0.073
s2,final,11,0.109,0.127
answer,final,12,0.074,0.081
s1,final,12,0.087,0.079
s2,final,12,0.064,0.105
answer,final,13,0.096,0.137
s1,final,13,0.067,0.073
s2,final,13,0.101,0.156
answer,final,14,0.1,0.137
s1,final,14,0.123,0.08
s2,final,14,0.11,0.155
answer,final,15,0.08,0.145
s1,final,15,0.11,0.082
s2,final,15,0.108,0.181
answer,final,16,0.047,0.111
s1,final,16,0.095,0.079
s2,final,16,0.067,0.141
answer,final,17,0.058,0.137
s1,final,17,0.084,0.095
s2,final,17,0.077,0.17
answer,final,18,0.032,0.111
s1,final,18,0.076,0.089
s2,final,18,0.031,0.127
answer,final,19,0.053,0.107
s1,final,19,0.089,0.079
s2,final,19,0.051,0.118
answer,final,20,0.041,0.081
s1,final,20,0.086,0.076
s2,final,20,0.041,0.087
answer,final,21,0.055,0.072
s1,final,21,0.081,0.077
s2,final,21,0.046,0.087
answer,final,22,0.094,0.117
s1,final,22,0.087,0.092
s2,final,22,0.119,0.121
answer,final,23,0.02,0.065
s1,final,23,0.121,0.107
s2,final,23,0.008,0.063
answer,final,24,0.127,0.076
s1,final,24,0.15,0.111
s2,final,24,0.073,0.073
answer,final,25,0.265,0.128
s1,final,25,0.126,0.097
s2,final,25,0.244,0.134
answer,final,26,0.374,0.194
s1,final,26,0.11,0.078
s2,final,26,0.252,0.205
answer,final,27,0.373,0.186
s1,final,27,0.113,0.075
s2,final,27,0.247,0.191
answer,final,28,0.34,0.156
s1,final,28,0.135,0.087
s2,final,28,0.267,0.184
